location_ancillary_id,location_id,variable_name,value
BART_015.tickPlot.tck,BART_015.tickPlot.tck,domainID,D01
BART_015.tickPlot.tck,BART_015.tickPlot.tck,siteID,BART
BART_015.tickPlot.tck,BART_015.tickPlot.tck,plotID,BART_015
BART_015.tickPlot.tck,BART_015.tickPlot.tck,plotType,distributed
BART_015.tickPlot.tck,BART_015.tickPlot.tck,nlcdClass,mixedForest
BART_002.tickPlot.tck,BART_002.tickPlot.tck,domainID,D01
BART_002.tickPlot.tck,BART_002.tickPlot.tck,siteID,BART
BART_002.tickPlot.tck,BART_002.tickPlot.tck,plotID,BART_002
BART_002.tickPlot.tck,BART_002.tickPlot.tck,plotType,distributed
BART_002.tickPlot.tck,BART_002.tickPlot.tck,nlcdClass,deciduousForest
BART_011.tickPlot.tck,BART_011.tickPlot.tck,domainID,D01
BART_011.tickPlot.tck,BART_011.tickPlot.tck,siteID,BART
BART_011.tickPlot.tck,BART_011.tickPlot.tck,plotID,BART_011
BART_011.tickPlot.tck,BART_011.tickPlot.tck,plotType,distributed
BART_011.tickPlot.tck,BART_011.tickPlot.tck,nlcdClass,mixedForest
BART_010.tickPlot.tck,BART_010.tickPlot.tck,domainID,D01
BART_010.tickPlot.tck,BART_010.tickPlot.tck,siteID,BART
BART_010.tickPlot.tck,BART_010.tickPlot.tck,plotID,BART_010
BART_010.tickPlot.tck,BART_010.tickPlot.tck,plotType,distributed
BART_010.tickPlot.tck,BART_010.tickPlot.tck,nlcdClass,deciduousForest
BART_019.tickPlot.tck,BART_019.tickPlot.tck,domainID,D01
BART_019.tickPlot.tck,BART_019.tickPlot.tck,siteID,BART
BART_019.tickPlot.tck,BART_019.tickPlot.tck,plotID,BART_019
BART_019.tickPlot.tck,BART_019.tickPlot.tck,plotType,distributed
BART_019.tickPlot.tck,BART_019.tickPlot.tck,nlcdClass,mixedForest
BART_029.tickPlot.tck,BART_029.tickPlot.tck,domainID,D01
BART_029.tickPlot.tck,BART_029.tickPlot.tck,siteID,BART
BART_029.tickPlot.tck,BART_029.tickPlot.tck,plotID,BART_029
BART_029.tickPlot.tck,BART_029.tickPlot.tck,plotType,distributed
BART_029.tickPlot.tck,BART_029.tickPlot.tck,nlcdClass,evergreenForest
HARV_022.tickPlot.tck,HARV_022.tickPlot.tck,domainID,D01
HARV_022.tickPlot.tck,HARV_022.tickPlot.tck,siteID,HARV
HARV_022.tickPlot.tck,HARV_022.tickPlot.tck,plotID,HARV_022
HARV_022.tickPlot.tck,HARV_022.tickPlot.tck,plotType,distributed
HARV_022.tickPlot.tck,HARV_022.tickPlot.tck,nlcdClass,evergreenForest
HARV_004.tickPlot.tck,HARV_004.tickPlot.tck,domainID,D01
HARV_004.tickPlot.tck,HARV_004.tickPlot.tck,siteID,HARV
HARV_004.tickPlot.tck,HARV_004.tickPlot.tck,plotID,HARV_004
HARV_004.tickPlot.tck,HARV_004.tickPlot.tck,plotType,distributed
HARV_004.tickPlot.tck,HARV_004.tickPlot.tck,nlcdClass,mixedForest
HARV_006.tickPlot.tck,HARV_006.tickPlot.tck,domainID,D01
HARV_006.tickPlot.tck,HARV_006.tickPlot.tck,siteID,HARV
HARV_006.tickPlot.tck,HARV_006.tickPlot.tck,plotID,HARV_006
HARV_006.tickPlot.tck,HARV_006.tickPlot.tck,plotType,distributed
HARV_006.tickPlot.tck,HARV_006.tickPlot.tck,nlcdClass,deciduousForest
HARV_026.tickPlot.tck,HARV_026.tickPlot.tck,domainID,D01
HARV_026.tickPlot.tck,HARV_026.tickPlot.tck,siteID,HARV
HARV_026.tickPlot.tck,HARV_026.tickPlot.tck,plotID,HARV_026
HARV_026.tickPlot.tck,HARV_026.tickPlot.tck,plotType,distributed
HARV_026.tickPlot.tck,HARV_026.tickPlot.tck,nlcdClass,evergreenForest
HARV_001.tickPlot.tck,HARV_001.tickPlot.tck,domainID,D01
HARV_001.tickPlot.tck,HARV_001.tickPlot.tck,siteID,HARV
HARV_001.tickPlot.tck,HARV_001.tickPlot.tck,plotID,HARV_001
HARV_001.tickPlot.tck,HARV_001.tickPlot.tck,plotType,distributed
HARV_001.tickPlot.tck,HARV_001.tickPlot.tck,nlcdClass,deciduousForest
HARV_020.tickPlot.tck,HARV_020.tickPlot.tck,domainID,D01
HARV_020.tickPlot.tck,HARV_020.tickPlot.tck,siteID,HARV
HARV_020.tickPlot.tck,HARV_020.tickPlot.tck,plotID,HARV_020
HARV_020.tickPlot.tck,HARV_020.tickPlot.tck,plotType,distributed
HARV_020.tickPlot.tck,HARV_020.tickPlot.tck,nlcdClass,woodyWetlands
HARV_002.tickPlot.tck,HARV_002.tickPlot.tck,domainID,D01
HARV_002.tickPlot.tck,HARV_002.tickPlot.tck,siteID,HARV
HARV_002.tickPlot.tck,HARV_002.tickPlot.tck,plotID,HARV_002
HARV_002.tickPlot.tck,HARV_002.tickPlot.tck,plotType,distributed
HARV_002.tickPlot.tck,HARV_002.tickPlot.tck,nlcdClass,deciduousForest
BLAN_015.tickPlot.tck,BLAN_015.tickPlot.tck,domainID,D02
BLAN_015.tickPlot.tck,BLAN_015.tickPlot.tck,siteID,BLAN
BLAN_015.tickPlot.tck,BLAN_015.tickPlot.tck,plotID,BLAN_015
BLAN_015.tickPlot.tck,BLAN_015.tickPlot.tck,plotType,distributed
BLAN_015.tickPlot.tck,BLAN_015.tickPlot.tck,nlcdClass,deciduousForest
BLAN_012.tickPlot.tck,BLAN_012.tickPlot.tck,domainID,D02
BLAN_012.tickPlot.tck,BLAN_012.tickPlot.tck,siteID,BLAN
BLAN_012.tickPlot.tck,BLAN_012.tickPlot.tck,plotID,BLAN_012
BLAN_012.tickPlot.tck,BLAN_012.tickPlot.tck,plotType,distributed
BLAN_012.tickPlot.tck,BLAN_012.tickPlot.tck,nlcdClass,deciduousForest
BLAN_005.tickPlot.tck,BLAN_005.tickPlot.tck,domainID,D02
BLAN_005.tickPlot.tck,BLAN_005.tickPlot.tck,siteID,BLAN
BLAN_005.tickPlot.tck,BLAN_005.tickPlot.tck,plotID,BLAN_005
BLAN_005.tickPlot.tck,BLAN_005.tickPlot.tck,plotType,distributed
BLAN_005.tickPlot.tck,BLAN_005.tickPlot.tck,nlcdClass,deciduousForest
BLAN_008.tickPlot.tck,BLAN_008.tickPlot.tck,domainID,D02
BLAN_008.tickPlot.tck,BLAN_008.tickPlot.tck,siteID,BLAN
BLAN_008.tickPlot.tck,BLAN_008.tickPlot.tck,plotID,BLAN_008
BLAN_008.tickPlot.tck,BLAN_008.tickPlot.tck,plotType,distributed
BLAN_008.tickPlot.tck,BLAN_008.tickPlot.tck,nlcdClass,pastureHay
BLAN_004.tickPlot.tck,BLAN_004.tickPlot.tck,domainID,D02
BLAN_004.tickPlot.tck,BLAN_004.tickPlot.tck,siteID,BLAN
BLAN_004.tickPlot.tck,BLAN_004.tickPlot.tck,plotID,BLAN_004
BLAN_004.tickPlot.tck,BLAN_004.tickPlot.tck,plotType,distributed
BLAN_004.tickPlot.tck,BLAN_004.tickPlot.tck,nlcdClass,pastureHay
BLAN_002.tickPlot.tck,BLAN_002.tickPlot.tck,domainID,D02
BLAN_002.tickPlot.tck,BLAN_002.tickPlot.tck,siteID,BLAN
BLAN_002.tickPlot.tck,BLAN_002.tickPlot.tck,plotID,BLAN_002
BLAN_002.tickPlot.tck,BLAN_002.tickPlot.tck,plotType,distributed
BLAN_002.tickPlot.tck,BLAN_002.tickPlot.tck,nlcdClass,pastureHay
BLAN_020.tickPlot.tck,BLAN_020.tickPlot.tck,domainID,D02
BLAN_020.tickPlot.tck,BLAN_020.tickPlot.tck,siteID,BLAN
BLAN_020.tickPlot.tck,BLAN_020.tickPlot.tck,plotID,BLAN_020
BLAN_020.tickPlot.tck,BLAN_020.tickPlot.tck,plotType,distributed
BLAN_020.tickPlot.tck,BLAN_020.tickPlot.tck,nlcdClass,pastureHay
SCBI_005.tickPlot.tck,SCBI_005.tickPlot.tck,domainID,D02
SCBI_005.tickPlot.tck,SCBI_005.tickPlot.tck,siteID,SCBI
SCBI_005.tickPlot.tck,SCBI_005.tickPlot.tck,plotID,SCBI_005
SCBI_005.tickPlot.tck,SCBI_005.tickPlot.tck,plotType,distributed
SCBI_005.tickPlot.tck,SCBI_005.tickPlot.tck,nlcdClass,deciduousForest
SCBI_006.tickPlot.tck,SCBI_006.tickPlot.tck,domainID,D02
SCBI_006.tickPlot.tck,SCBI_006.tickPlot.tck,siteID,SCBI
SCBI_006.tickPlot.tck,SCBI_006.tickPlot.tck,plotID,SCBI_006
SCBI_006.tickPlot.tck,SCBI_006.tickPlot.tck,plotType,distributed
SCBI_006.tickPlot.tck,SCBI_006.tickPlot.tck,nlcdClass,pastureHay
SCBI_013.tickPlot.tck,SCBI_013.tickPlot.tck,domainID,D02
SCBI_013.tickPlot.tck,SCBI_013.tickPlot.tck,siteID,SCBI
SCBI_013.tickPlot.tck,SCBI_013.tickPlot.tck,plotID,SCBI_013
SCBI_013.tickPlot.tck,SCBI_013.tickPlot.tck,plotType,distributed
SCBI_013.tickPlot.tck,SCBI_013.tickPlot.tck,nlcdClass,deciduousForest
SCBI_007.tickPlot.tck,SCBI_007.tickPlot.tck,domainID,D02
SCBI_007.tickPlot.tck,SCBI_007.tickPlot.tck,siteID,SCBI
SCBI_007.tickPlot.tck,SCBI_007.tickPlot.tck,plotID,SCBI_007
SCBI_007.tickPlot.tck,SCBI_007.tickPlot.tck,plotType,distributed
SCBI_007.tickPlot.tck,SCBI_007.tickPlot.tck,nlcdClass,deciduousForest
SCBI_002.tickPlot.tck,SCBI_002.tickPlot.tck,domainID,D02
SCBI_002.tickPlot.tck,SCBI_002.tickPlot.tck,siteID,SCBI
SCBI_002.tickPlot.tck,SCBI_002.tickPlot.tck,plotID,SCBI_002
SCBI_002.tickPlot.tck,SCBI_002.tickPlot.tck,plotType,distributed
SCBI_002.tickPlot.tck,SCBI_002.tickPlot.tck,nlcdClass,deciduousForest
SCBI_039.tickPlot.tck,SCBI_039.tickPlot.tck,domainID,D02
SCBI_039.tickPlot.tck,SCBI_039.tickPlot.tck,siteID,SCBI
SCBI_039.tickPlot.tck,SCBI_039.tickPlot.tck,plotID,SCBI_039
SCBI_039.tickPlot.tck,SCBI_039.tickPlot.tck,plotType,distributed
SCBI_039.tickPlot.tck,SCBI_039.tickPlot.tck,nlcdClass,pastureHay
SERC_001.tickPlot.tck,SERC_001.tickPlot.tck,domainID,D02
SERC_001.tickPlot.tck,SERC_001.tickPlot.tck,siteID,SERC
SERC_001.tickPlot.tck,SERC_001.tickPlot.tck,plotID,SERC_001
SERC_001.tickPlot.tck,SERC_001.tickPlot.tck,plotType,distributed
SERC_001.tickPlot.tck,SERC_001.tickPlot.tck,nlcdClass,deciduousForest
SERC_005.tickPlot.tck,SERC_005.tickPlot.tck,domainID,D02
SERC_005.tickPlot.tck,SERC_005.tickPlot.tck,siteID,SERC
SERC_005.tickPlot.tck,SERC_005.tickPlot.tck,plotID,SERC_005
SERC_005.tickPlot.tck,SERC_005.tickPlot.tck,plotType,distributed
SERC_005.tickPlot.tck,SERC_005.tickPlot.tck,nlcdClass,deciduousForest
SERC_006.tickPlot.tck,SERC_006.tickPlot.tck,domainID,D02
SERC_006.tickPlot.tck,SERC_006.tickPlot.tck,siteID,SERC
SERC_006.tickPlot.tck,SERC_006.tickPlot.tck,plotID,SERC_006
SERC_006.tickPlot.tck,SERC_006.tickPlot.tck,plotType,distributed
SERC_006.tickPlot.tck,SERC_006.tickPlot.tck,nlcdClass,deciduousForest
SERC_002.tickPlot.tck,SERC_002.tickPlot.tck,domainID,D02
SERC_002.tickPlot.tck,SERC_002.tickPlot.tck,siteID,SERC
SERC_002.tickPlot.tck,SERC_002.tickPlot.tck,plotID,SERC_002
SERC_002.tickPlot.tck,SERC_002.tickPlot.tck,plotType,distributed
SERC_002.tickPlot.tck,SERC_002.tickPlot.tck,nlcdClass,deciduousForest
SERC_012.tickPlot.tck,SERC_012.tickPlot.tck,domainID,D02
SERC_012.tickPlot.tck,SERC_012.tickPlot.tck,siteID,SERC
SERC_012.tickPlot.tck,SERC_012.tickPlot.tck,plotID,SERC_012
SERC_012.tickPlot.tck,SERC_012.tickPlot.tck,plotType,distributed
SERC_012.tickPlot.tck,SERC_012.tickPlot.tck,nlcdClass,deciduousForest
SERC_023.tickPlot.tck,SERC_023.tickPlot.tck,domainID,D02
SERC_023.tickPlot.tck,SERC_023.tickPlot.tck,siteID,SERC
SERC_023.tickPlot.tck,SERC_023.tickPlot.tck,plotID,SERC_023
SERC_023.tickPlot.tck,SERC_023.tickPlot.tck,plotType,distributed
SERC_023.tickPlot.tck,SERC_023.tickPlot.tck,nlcdClass,cultivatedCrops
DSNY_001.tickPlot.tck,DSNY_001.tickPlot.tck,domainID,D03
DSNY_001.tickPlot.tck,DSNY_001.tickPlot.tck,siteID,DSNY
DSNY_001.tickPlot.tck,DSNY_001.tickPlot.tck,plotID,DSNY_001
DSNY_001.tickPlot.tck,DSNY_001.tickPlot.tck,plotType,distributed
DSNY_001.tickPlot.tck,DSNY_001.tickPlot.tck,nlcdClass,woodyWetlands
DSNY_004.tickPlot.tck,DSNY_004.tickPlot.tck,domainID,D03
DSNY_004.tickPlot.tck,DSNY_004.tickPlot.tck,siteID,DSNY
DSNY_004.tickPlot.tck,DSNY_004.tickPlot.tck,plotID,DSNY_004
DSNY_004.tickPlot.tck,DSNY_004.tickPlot.tck,plotType,distributed
DSNY_004.tickPlot.tck,DSNY_004.tickPlot.tck,nlcdClass,woodyWetlands
DSNY_005.tickPlot.tck,DSNY_005.tickPlot.tck,domainID,D03
DSNY_005.tickPlot.tck,DSNY_005.tickPlot.tck,siteID,DSNY
DSNY_005.tickPlot.tck,DSNY_005.tickPlot.tck,plotID,DSNY_005
DSNY_005.tickPlot.tck,DSNY_005.tickPlot.tck,plotType,distributed
DSNY_005.tickPlot.tck,DSNY_005.tickPlot.tck,nlcdClass,woodyWetlands
DSNY_002.tickPlot.tck,DSNY_002.tickPlot.tck,domainID,D03
DSNY_002.tickPlot.tck,DSNY_002.tickPlot.tck,siteID,DSNY
DSNY_002.tickPlot.tck,DSNY_002.tickPlot.tck,plotID,DSNY_002
DSNY_002.tickPlot.tck,DSNY_002.tickPlot.tck,plotType,distributed
DSNY_002.tickPlot.tck,DSNY_002.tickPlot.tck,nlcdClass,woodyWetlands
DSNY_006.tickPlot.tck,DSNY_006.tickPlot.tck,domainID,D03
DSNY_006.tickPlot.tck,DSNY_006.tickPlot.tck,siteID,DSNY
DSNY_006.tickPlot.tck,DSNY_006.tickPlot.tck,plotID,DSNY_006
DSNY_006.tickPlot.tck,DSNY_006.tickPlot.tck,plotType,distributed
DSNY_006.tickPlot.tck,DSNY_006.tickPlot.tck,nlcdClass,woodyWetlands
DSNY_008.tickPlot.tck,DSNY_008.tickPlot.tck,domainID,D03
DSNY_008.tickPlot.tck,DSNY_008.tickPlot.tck,siteID,DSNY
DSNY_008.tickPlot.tck,DSNY_008.tickPlot.tck,plotID,DSNY_008
DSNY_008.tickPlot.tck,DSNY_008.tickPlot.tck,plotType,distributed
DSNY_008.tickPlot.tck,DSNY_008.tickPlot.tck,nlcdClass,woodyWetlands
DSNY_021.tickPlot.tck,DSNY_021.tickPlot.tck,domainID,D03
DSNY_021.tickPlot.tck,DSNY_021.tickPlot.tck,siteID,DSNY
DSNY_021.tickPlot.tck,DSNY_021.tickPlot.tck,plotID,DSNY_021
DSNY_021.tickPlot.tck,DSNY_021.tickPlot.tck,plotType,distributed
DSNY_021.tickPlot.tck,DSNY_021.tickPlot.tck,nlcdClass,pastureHay
JERC_005.tickPlot.tck,JERC_005.tickPlot.tck,domainID,D03
JERC_005.tickPlot.tck,JERC_005.tickPlot.tck,siteID,JERC
JERC_005.tickPlot.tck,JERC_005.tickPlot.tck,plotID,JERC_005
JERC_005.tickPlot.tck,JERC_005.tickPlot.tck,plotType,distributed
JERC_005.tickPlot.tck,JERC_005.tickPlot.tck,nlcdClass,evergreenForest
JERC_002.tickPlot.tck,JERC_002.tickPlot.tck,domainID,D03
JERC_002.tickPlot.tck,JERC_002.tickPlot.tck,siteID,JERC
JERC_002.tickPlot.tck,JERC_002.tickPlot.tck,plotID,JERC_002
JERC_002.tickPlot.tck,JERC_002.tickPlot.tck,plotType,distributed
JERC_002.tickPlot.tck,JERC_002.tickPlot.tck,nlcdClass,evergreenForest
JERC_004.tickPlot.tck,JERC_004.tickPlot.tck,domainID,D03
JERC_004.tickPlot.tck,JERC_004.tickPlot.tck,siteID,JERC
JERC_004.tickPlot.tck,JERC_004.tickPlot.tck,plotID,JERC_004
JERC_004.tickPlot.tck,JERC_004.tickPlot.tck,plotType,distributed
JERC_004.tickPlot.tck,JERC_004.tickPlot.tck,nlcdClass,cultivatedCrops
JERC_010.tickPlot.tck,JERC_010.tickPlot.tck,domainID,D03
JERC_010.tickPlot.tck,JERC_010.tickPlot.tck,siteID,JERC
JERC_010.tickPlot.tck,JERC_010.tickPlot.tck,plotID,JERC_010
JERC_010.tickPlot.tck,JERC_010.tickPlot.tck,plotType,distributed
JERC_010.tickPlot.tck,JERC_010.tickPlot.tck,nlcdClass,deciduousForest
JERC_044.tickPlot.tck,JERC_044.tickPlot.tck,domainID,D03
JERC_044.tickPlot.tck,JERC_044.tickPlot.tck,siteID,JERC
JERC_044.tickPlot.tck,JERC_044.tickPlot.tck,plotID,JERC_044
JERC_044.tickPlot.tck,JERC_044.tickPlot.tck,plotType,distributed
JERC_044.tickPlot.tck,JERC_044.tickPlot.tck,nlcdClass,mixedForest
JERC_034.tickPlot.tck,JERC_034.tickPlot.tck,domainID,D03
JERC_034.tickPlot.tck,JERC_034.tickPlot.tck,siteID,JERC
JERC_034.tickPlot.tck,JERC_034.tickPlot.tck,plotID,JERC_034
JERC_034.tickPlot.tck,JERC_034.tickPlot.tck,plotType,distributed
JERC_034.tickPlot.tck,JERC_034.tickPlot.tck,nlcdClass,deciduousForest
JERC_081.tickPlot.tck,JERC_081.tickPlot.tck,domainID,D03
JERC_081.tickPlot.tck,JERC_081.tickPlot.tck,siteID,JERC
JERC_081.tickPlot.tck,JERC_081.tickPlot.tck,plotID,JERC_081
JERC_081.tickPlot.tck,JERC_081.tickPlot.tck,plotType,distributed
JERC_081.tickPlot.tck,JERC_081.tickPlot.tck,nlcdClass,mixedForest
JERC_011.tickPlot.tck,JERC_011.tickPlot.tck,domainID,D03
JERC_011.tickPlot.tck,JERC_011.tickPlot.tck,siteID,JERC
JERC_011.tickPlot.tck,JERC_011.tickPlot.tck,plotID,JERC_011
JERC_011.tickPlot.tck,JERC_011.tickPlot.tck,plotType,distributed
JERC_011.tickPlot.tck,JERC_011.tickPlot.tck,nlcdClass,evergreenForest
OSBS_002.tickPlot.tck,OSBS_002.tickPlot.tck,domainID,D03
OSBS_002.tickPlot.tck,OSBS_002.tickPlot.tck,siteID,OSBS
OSBS_002.tickPlot.tck,OSBS_002.tickPlot.tck,plotID,OSBS_002
OSBS_002.tickPlot.tck,OSBS_002.tickPlot.tck,plotType,distributed
OSBS_002.tickPlot.tck,OSBS_002.tickPlot.tck,nlcdClass,evergreenForest
OSBS_003.tickPlot.tck,OSBS_003.tickPlot.tck,domainID,D03
OSBS_003.tickPlot.tck,OSBS_003.tickPlot.tck,siteID,OSBS
OSBS_003.tickPlot.tck,OSBS_003.tickPlot.tck,plotID,OSBS_003
OSBS_003.tickPlot.tck,OSBS_003.tickPlot.tck,plotType,distributed
OSBS_003.tickPlot.tck,OSBS_003.tickPlot.tck,nlcdClass,evergreenForest
OSBS_022.tickPlot.tck,OSBS_022.tickPlot.tck,domainID,D03
OSBS_022.tickPlot.tck,OSBS_022.tickPlot.tck,siteID,OSBS
OSBS_022.tickPlot.tck,OSBS_022.tickPlot.tck,plotID,OSBS_022
OSBS_022.tickPlot.tck,OSBS_022.tickPlot.tck,plotType,distributed
OSBS_022.tickPlot.tck,OSBS_022.tickPlot.tck,nlcdClass,emergentHerbaceousWetlands
OSBS_004.tickPlot.tck,OSBS_004.tickPlot.tck,domainID,D03
OSBS_004.tickPlot.tck,OSBS_004.tickPlot.tck,siteID,OSBS
OSBS_004.tickPlot.tck,OSBS_004.tickPlot.tck,plotID,OSBS_004
OSBS_004.tickPlot.tck,OSBS_004.tickPlot.tck,plotType,distributed
OSBS_004.tickPlot.tck,OSBS_004.tickPlot.tck,nlcdClass,evergreenForest
OSBS_005.tickPlot.tck,OSBS_005.tickPlot.tck,domainID,D03
OSBS_005.tickPlot.tck,OSBS_005.tickPlot.tck,siteID,OSBS
OSBS_005.tickPlot.tck,OSBS_005.tickPlot.tck,plotID,OSBS_005
OSBS_005.tickPlot.tck,OSBS_005.tickPlot.tck,plotType,distributed
OSBS_005.tickPlot.tck,OSBS_005.tickPlot.tck,nlcdClass,woodyWetlands
OSBS_001.tickPlot.tck,OSBS_001.tickPlot.tck,domainID,D03
OSBS_001.tickPlot.tck,OSBS_001.tickPlot.tck,siteID,OSBS
OSBS_001.tickPlot.tck,OSBS_001.tickPlot.tck,plotID,OSBS_001
OSBS_001.tickPlot.tck,OSBS_001.tickPlot.tck,plotType,distributed
OSBS_001.tickPlot.tck,OSBS_001.tickPlot.tck,nlcdClass,woodyWetlands
OSBS_048.tickPlot.tck,OSBS_048.tickPlot.tck,domainID,D03
OSBS_048.tickPlot.tck,OSBS_048.tickPlot.tck,siteID,OSBS
OSBS_048.tickPlot.tck,OSBS_048.tickPlot.tck,plotID,OSBS_048
OSBS_048.tickPlot.tck,OSBS_048.tickPlot.tck,plotType,distributed
OSBS_048.tickPlot.tck,OSBS_048.tickPlot.tck,nlcdClass,deciduousForest
GUAN_002.tickPlot.tck,GUAN_002.tickPlot.tck,domainID,D04
GUAN_002.tickPlot.tck,GUAN_002.tickPlot.tck,siteID,GUAN
GUAN_002.tickPlot.tck,GUAN_002.tickPlot.tck,plotID,GUAN_002
GUAN_002.tickPlot.tck,GUAN_002.tickPlot.tck,plotType,distributed
GUAN_002.tickPlot.tck,GUAN_002.tickPlot.tck,nlcdClass,evergreenForest
GUAN_031.tickPlot.tck,GUAN_031.tickPlot.tck,domainID,D04
GUAN_031.tickPlot.tck,GUAN_031.tickPlot.tck,siteID,GUAN
GUAN_031.tickPlot.tck,GUAN_031.tickPlot.tck,plotID,GUAN_031
GUAN_031.tickPlot.tck,GUAN_031.tickPlot.tck,plotType,distributed
GUAN_031.tickPlot.tck,GUAN_031.tickPlot.tck,nlcdClass,evergreenForest
GUAN_064.tickPlot.tck,GUAN_064.tickPlot.tck,domainID,D04
GUAN_064.tickPlot.tck,GUAN_064.tickPlot.tck,siteID,GUAN
GUAN_064.tickPlot.tck,GUAN_064.tickPlot.tck,plotID,GUAN_064
GUAN_064.tickPlot.tck,GUAN_064.tickPlot.tck,plotType,distributed
GUAN_064.tickPlot.tck,GUAN_064.tickPlot.tck,nlcdClass,evergreenForest
GUAN_006.tickPlot.tck,GUAN_006.tickPlot.tck,domainID,D04
GUAN_006.tickPlot.tck,GUAN_006.tickPlot.tck,siteID,GUAN
GUAN_006.tickPlot.tck,GUAN_006.tickPlot.tck,plotID,GUAN_006
GUAN_006.tickPlot.tck,GUAN_006.tickPlot.tck,plotType,distributed
GUAN_006.tickPlot.tck,GUAN_006.tickPlot.tck,nlcdClass,evergreenForest
GUAN_065.tickPlot.tck,GUAN_065.tickPlot.tck,domainID,D04
GUAN_065.tickPlot.tck,GUAN_065.tickPlot.tck,siteID,GUAN
GUAN_065.tickPlot.tck,GUAN_065.tickPlot.tck,plotID,GUAN_065
GUAN_065.tickPlot.tck,GUAN_065.tickPlot.tck,plotType,distributed
GUAN_065.tickPlot.tck,GUAN_065.tickPlot.tck,nlcdClass,evergreenForest
GUAN_066.tickPlot.tck,GUAN_066.tickPlot.tck,domainID,D04
GUAN_066.tickPlot.tck,GUAN_066.tickPlot.tck,siteID,GUAN
GUAN_066.tickPlot.tck,GUAN_066.tickPlot.tck,plotID,GUAN_066
GUAN_066.tickPlot.tck,GUAN_066.tickPlot.tck,plotType,distributed
GUAN_066.tickPlot.tck,GUAN_066.tickPlot.tck,nlcdClass,evergreenForest
GUAN_004.tickPlot.tck,GUAN_004.tickPlot.tck,domainID,D04
GUAN_004.tickPlot.tck,GUAN_004.tickPlot.tck,siteID,GUAN
GUAN_004.tickPlot.tck,GUAN_004.tickPlot.tck,plotID,GUAN_004
GUAN_004.tickPlot.tck,GUAN_004.tickPlot.tck,plotType,distributed
GUAN_004.tickPlot.tck,GUAN_004.tickPlot.tck,nlcdClass,evergreenForest
LAJA_004.tickPlot.tck,LAJA_004.tickPlot.tck,domainID,D04
LAJA_004.tickPlot.tck,LAJA_004.tickPlot.tck,siteID,LAJA
LAJA_004.tickPlot.tck,LAJA_004.tickPlot.tck,plotID,LAJA_004
LAJA_004.tickPlot.tck,LAJA_004.tickPlot.tck,plotType,distributed
LAJA_004.tickPlot.tck,LAJA_004.tickPlot.tck,nlcdClass,pastureHay
LAJA_005.tickPlot.tck,LAJA_005.tickPlot.tck,domainID,D04
LAJA_005.tickPlot.tck,LAJA_005.tickPlot.tck,siteID,LAJA
LAJA_005.tickPlot.tck,LAJA_005.tickPlot.tck,plotID,LAJA_005
LAJA_005.tickPlot.tck,LAJA_005.tickPlot.tck,plotType,distributed
LAJA_005.tickPlot.tck,LAJA_005.tickPlot.tck,nlcdClass,pastureHay
LAJA_001.tickPlot.tck,LAJA_001.tickPlot.tck,domainID,D04
LAJA_001.tickPlot.tck,LAJA_001.tickPlot.tck,siteID,LAJA
LAJA_001.tickPlot.tck,LAJA_001.tickPlot.tck,plotID,LAJA_001
LAJA_001.tickPlot.tck,LAJA_001.tickPlot.tck,plotType,distributed
LAJA_001.tickPlot.tck,LAJA_001.tickPlot.tck,nlcdClass,grasslandHerbaceous
LAJA_002.tickPlot.tck,LAJA_002.tickPlot.tck,domainID,D04
LAJA_002.tickPlot.tck,LAJA_002.tickPlot.tck,siteID,LAJA
LAJA_002.tickPlot.tck,LAJA_002.tickPlot.tck,plotID,LAJA_002
LAJA_002.tickPlot.tck,LAJA_002.tickPlot.tck,plotType,distributed
LAJA_002.tickPlot.tck,LAJA_002.tickPlot.tck,nlcdClass,cultivatedCrops
LAJA_003.tickPlot.tck,LAJA_003.tickPlot.tck,domainID,D04
LAJA_003.tickPlot.tck,LAJA_003.tickPlot.tck,siteID,LAJA
LAJA_003.tickPlot.tck,LAJA_003.tickPlot.tck,plotID,LAJA_003
LAJA_003.tickPlot.tck,LAJA_003.tickPlot.tck,plotType,distributed
LAJA_003.tickPlot.tck,LAJA_003.tickPlot.tck,nlcdClass,pastureHay
LAJA_030.tickPlot.tck,LAJA_030.tickPlot.tck,domainID,D04
LAJA_030.tickPlot.tck,LAJA_030.tickPlot.tck,siteID,LAJA
LAJA_030.tickPlot.tck,LAJA_030.tickPlot.tck,plotID,LAJA_030
LAJA_030.tickPlot.tck,LAJA_030.tickPlot.tck,plotType,distributed
LAJA_030.tickPlot.tck,LAJA_030.tickPlot.tck,nlcdClass,evergreenForest
STEI_029.tickPlot.tck,STEI_029.tickPlot.tck,domainID,D05
STEI_029.tickPlot.tck,STEI_029.tickPlot.tck,siteID,STEI
STEI_029.tickPlot.tck,STEI_029.tickPlot.tck,plotID,STEI_029
STEI_029.tickPlot.tck,STEI_029.tickPlot.tck,plotType,distributed
STEI_029.tickPlot.tck,STEI_029.tickPlot.tck,nlcdClass,mixedForest
STEI_002.tickPlot.tck,STEI_002.tickPlot.tck,domainID,D05
STEI_002.tickPlot.tck,STEI_002.tickPlot.tck,siteID,STEI
STEI_002.tickPlot.tck,STEI_002.tickPlot.tck,plotID,STEI_002
STEI_002.tickPlot.tck,STEI_002.tickPlot.tck,plotType,distributed
STEI_002.tickPlot.tck,STEI_002.tickPlot.tck,nlcdClass,deciduousForest
STEI_001.tickPlot.tck,STEI_001.tickPlot.tck,domainID,D05
STEI_001.tickPlot.tck,STEI_001.tickPlot.tck,siteID,STEI
STEI_001.tickPlot.tck,STEI_001.tickPlot.tck,plotID,STEI_001
STEI_001.tickPlot.tck,STEI_001.tickPlot.tck,plotType,distributed
STEI_001.tickPlot.tck,STEI_001.tickPlot.tck,nlcdClass,deciduousForest
STEI_003.tickPlot.tck,STEI_003.tickPlot.tck,domainID,D05
STEI_003.tickPlot.tck,STEI_003.tickPlot.tck,siteID,STEI
STEI_003.tickPlot.tck,STEI_003.tickPlot.tck,plotID,STEI_003
STEI_003.tickPlot.tck,STEI_003.tickPlot.tck,plotType,distributed
STEI_003.tickPlot.tck,STEI_003.tickPlot.tck,nlcdClass,deciduousForest
STEI_005.tickPlot.tck,STEI_005.tickPlot.tck,domainID,D05
STEI_005.tickPlot.tck,STEI_005.tickPlot.tck,siteID,STEI
STEI_005.tickPlot.tck,STEI_005.tickPlot.tck,plotID,STEI_005
STEI_005.tickPlot.tck,STEI_005.tickPlot.tck,plotType,distributed
STEI_005.tickPlot.tck,STEI_005.tickPlot.tck,nlcdClass,deciduousForest
STEI_023.tickPlot.tck,STEI_023.tickPlot.tck,domainID,D05
STEI_023.tickPlot.tck,STEI_023.tickPlot.tck,siteID,STEI
STEI_023.tickPlot.tck,STEI_023.tickPlot.tck,plotID,STEI_023
STEI_023.tickPlot.tck,STEI_023.tickPlot.tck,plotType,distributed
STEI_023.tickPlot.tck,STEI_023.tickPlot.tck,nlcdClass,woodyWetlands
TREE_007.tickPlot.tck,TREE_007.tickPlot.tck,domainID,D05
TREE_007.tickPlot.tck,TREE_007.tickPlot.tck,siteID,TREE
TREE_007.tickPlot.tck,TREE_007.tickPlot.tck,plotID,TREE_007
TREE_007.tickPlot.tck,TREE_007.tickPlot.tck,plotType,distributed
TREE_007.tickPlot.tck,TREE_007.tickPlot.tck,nlcdClass,deciduousForest
TREE_022.tickPlot.tck,TREE_022.tickPlot.tck,domainID,D05
TREE_022.tickPlot.tck,TREE_022.tickPlot.tck,siteID,TREE
TREE_022.tickPlot.tck,TREE_022.tickPlot.tck,plotID,TREE_022
TREE_022.tickPlot.tck,TREE_022.tickPlot.tck,plotType,distributed
TREE_022.tickPlot.tck,TREE_022.tickPlot.tck,nlcdClass,evergreenForest
TREE_015.tickPlot.tck,TREE_015.tickPlot.tck,domainID,D05
TREE_015.tickPlot.tck,TREE_015.tickPlot.tck,siteID,TREE
TREE_015.tickPlot.tck,TREE_015.tickPlot.tck,plotID,TREE_015
TREE_015.tickPlot.tck,TREE_015.tickPlot.tck,plotType,distributed
TREE_015.tickPlot.tck,TREE_015.tickPlot.tck,nlcdClass,mixedForest
TREE_005.tickPlot.tck,TREE_005.tickPlot.tck,domainID,D05
TREE_005.tickPlot.tck,TREE_005.tickPlot.tck,siteID,TREE
TREE_005.tickPlot.tck,TREE_005.tickPlot.tck,plotID,TREE_005
TREE_005.tickPlot.tck,TREE_005.tickPlot.tck,plotType,distributed
TREE_005.tickPlot.tck,TREE_005.tickPlot.tck,nlcdClass,woodyWetlands
TREE_019.tickPlot.tck,TREE_019.tickPlot.tck,domainID,D05
TREE_019.tickPlot.tck,TREE_019.tickPlot.tck,siteID,TREE
TREE_019.tickPlot.tck,TREE_019.tickPlot.tck,plotID,TREE_019
TREE_019.tickPlot.tck,TREE_019.tickPlot.tck,plotType,distributed
TREE_019.tickPlot.tck,TREE_019.tickPlot.tck,nlcdClass,mixedForest
TREE_017.tickPlot.tck,TREE_017.tickPlot.tck,domainID,D05
TREE_017.tickPlot.tck,TREE_017.tickPlot.tck,siteID,TREE
TREE_017.tickPlot.tck,TREE_017.tickPlot.tck,plotID,TREE_017
TREE_017.tickPlot.tck,TREE_017.tickPlot.tck,plotType,distributed
TREE_017.tickPlot.tck,TREE_017.tickPlot.tck,nlcdClass,deciduousForest
UNDE_003.tickPlot.tck,UNDE_003.tickPlot.tck,domainID,D05
UNDE_003.tickPlot.tck,UNDE_003.tickPlot.tck,siteID,UNDE
UNDE_003.tickPlot.tck,UNDE_003.tickPlot.tck,plotID,UNDE_003
UNDE_003.tickPlot.tck,UNDE_003.tickPlot.tck,plotType,distributed
UNDE_003.tickPlot.tck,UNDE_003.tickPlot.tck,nlcdClass,woodyWetlands
UNDE_013.tickPlot.tck,UNDE_013.tickPlot.tck,domainID,D05
UNDE_013.tickPlot.tck,UNDE_013.tickPlot.tck,siteID,UNDE
UNDE_013.tickPlot.tck,UNDE_013.tickPlot.tck,plotID,UNDE_013
UNDE_013.tickPlot.tck,UNDE_013.tickPlot.tck,plotType,distributed
UNDE_013.tickPlot.tck,UNDE_013.tickPlot.tck,nlcdClass,deciduousForest
UNDE_017.tickPlot.tck,UNDE_017.tickPlot.tck,domainID,D05
UNDE_017.tickPlot.tck,UNDE_017.tickPlot.tck,siteID,UNDE
UNDE_017.tickPlot.tck,UNDE_017.tickPlot.tck,plotID,UNDE_017
UNDE_017.tickPlot.tck,UNDE_017.tickPlot.tck,plotType,distributed
UNDE_017.tickPlot.tck,UNDE_017.tickPlot.tck,nlcdClass,mixedForest
UNDE_002.tickPlot.tck,UNDE_002.tickPlot.tck,domainID,D05
UNDE_002.tickPlot.tck,UNDE_002.tickPlot.tck,siteID,UNDE
UNDE_002.tickPlot.tck,UNDE_002.tickPlot.tck,plotID,UNDE_002
UNDE_002.tickPlot.tck,UNDE_002.tickPlot.tck,plotType,distributed
UNDE_002.tickPlot.tck,UNDE_002.tickPlot.tck,nlcdClass,woodyWetlands
UNDE_019.tickPlot.tck,UNDE_019.tickPlot.tck,domainID,D05
UNDE_019.tickPlot.tck,UNDE_019.tickPlot.tck,siteID,UNDE
UNDE_019.tickPlot.tck,UNDE_019.tickPlot.tck,plotID,UNDE_019
UNDE_019.tickPlot.tck,UNDE_019.tickPlot.tck,plotType,distributed
UNDE_019.tickPlot.tck,UNDE_019.tickPlot.tck,nlcdClass,deciduousForest
UNDE_011.tickPlot.tck,UNDE_011.tickPlot.tck,domainID,D05
UNDE_011.tickPlot.tck,UNDE_011.tickPlot.tck,siteID,UNDE
UNDE_011.tickPlot.tck,UNDE_011.tickPlot.tck,plotID,UNDE_011
UNDE_011.tickPlot.tck,UNDE_011.tickPlot.tck,plotType,distributed
UNDE_011.tickPlot.tck,UNDE_011.tickPlot.tck,nlcdClass,woodyWetlands
UNDE_999.tickPlot.tck,UNDE_999.tickPlot.tck,domainID,D05
UNDE_999.tickPlot.tck,UNDE_999.tickPlot.tck,siteID,UNDE
UNDE_999.tickPlot.tck,UNDE_999.tickPlot.tck,plotID,UNDE_999
UNDE_999.tickPlot.tck,UNDE_999.tickPlot.tck,plotType,distributed
UNDE_999.tickPlot.tck,UNDE_999.tickPlot.tck,nlcdClass,woodyWetlands
KONA_002.tickPlot.tck,KONA_002.tickPlot.tck,domainID,D06
KONA_002.tickPlot.tck,KONA_002.tickPlot.tck,siteID,KONA
KONA_002.tickPlot.tck,KONA_002.tickPlot.tck,plotID,KONA_002
KONA_002.tickPlot.tck,KONA_002.tickPlot.tck,plotType,distributed
KONA_002.tickPlot.tck,KONA_002.tickPlot.tck,nlcdClass,cultivatedCrops
KONA_004.tickPlot.tck,KONA_004.tickPlot.tck,domainID,D06
KONA_004.tickPlot.tck,KONA_004.tickPlot.tck,siteID,KONA
KONA_004.tickPlot.tck,KONA_004.tickPlot.tck,plotID,KONA_004
KONA_004.tickPlot.tck,KONA_004.tickPlot.tck,plotType,distributed
KONA_004.tickPlot.tck,KONA_004.tickPlot.tck,nlcdClass,cultivatedCrops
KONA_021.tickPlot.tck,KONA_021.tickPlot.tck,domainID,D06
KONA_021.tickPlot.tck,KONA_021.tickPlot.tck,siteID,KONA
KONA_021.tickPlot.tck,KONA_021.tickPlot.tck,plotID,KONA_021
KONA_021.tickPlot.tck,KONA_021.tickPlot.tck,plotType,distributed
KONA_021.tickPlot.tck,KONA_021.tickPlot.tck,nlcdClass,cultivatedCrops
KONA_003.tickPlot.tck,KONA_003.tickPlot.tck,domainID,D06
KONA_003.tickPlot.tck,KONA_003.tickPlot.tck,siteID,KONA
KONA_003.tickPlot.tck,KONA_003.tickPlot.tck,plotID,KONA_003
KONA_003.tickPlot.tck,KONA_003.tickPlot.tck,plotType,distributed
KONA_003.tickPlot.tck,KONA_003.tickPlot.tck,nlcdClass,cultivatedCrops
KONA_019.tickPlot.tck,KONA_019.tickPlot.tck,domainID,D06
KONA_019.tickPlot.tck,KONA_019.tickPlot.tck,siteID,KONA
KONA_019.tickPlot.tck,KONA_019.tickPlot.tck,plotID,KONA_019
KONA_019.tickPlot.tck,KONA_019.tickPlot.tck,plotType,distributed
KONA_019.tickPlot.tck,KONA_019.tickPlot.tck,nlcdClass,cultivatedCrops
KONA_024.tickPlot.tck,KONA_024.tickPlot.tck,domainID,D06
KONA_024.tickPlot.tck,KONA_024.tickPlot.tck,siteID,KONA
KONA_024.tickPlot.tck,KONA_024.tickPlot.tck,plotID,KONA_024
KONA_024.tickPlot.tck,KONA_024.tickPlot.tck,plotType,distributed
KONA_024.tickPlot.tck,KONA_024.tickPlot.tck,nlcdClass,cultivatedCrops
KONZ_004.tickPlot.tck,KONZ_004.tickPlot.tck,domainID,D06
KONZ_004.tickPlot.tck,KONZ_004.tickPlot.tck,siteID,KONZ
KONZ_004.tickPlot.tck,KONZ_004.tickPlot.tck,plotID,KONZ_004
KONZ_004.tickPlot.tck,KONZ_004.tickPlot.tck,plotType,distributed
KONZ_004.tickPlot.tck,KONZ_004.tickPlot.tck,nlcdClass,grasslandHerbaceous
KONZ_025.tickPlot.tck,KONZ_025.tickPlot.tck,domainID,D06
KONZ_025.tickPlot.tck,KONZ_025.tickPlot.tck,siteID,KONZ
KONZ_025.tickPlot.tck,KONZ_025.tickPlot.tck,plotID,KONZ_025
KONZ_025.tickPlot.tck,KONZ_025.tickPlot.tck,plotType,distributed
KONZ_025.tickPlot.tck,KONZ_025.tickPlot.tck,nlcdClass,deciduousForest
KONZ_009.tickPlot.tck,KONZ_009.tickPlot.tck,domainID,D06
KONZ_009.tickPlot.tck,KONZ_009.tickPlot.tck,siteID,KONZ
KONZ_009.tickPlot.tck,KONZ_009.tickPlot.tck,plotID,KONZ_009
KONZ_009.tickPlot.tck,KONZ_009.tickPlot.tck,plotType,distributed
KONZ_009.tickPlot.tck,KONZ_009.tickPlot.tck,nlcdClass,grasslandHerbaceous
KONZ_002.tickPlot.tck,KONZ_002.tickPlot.tck,domainID,D06
KONZ_002.tickPlot.tck,KONZ_002.tickPlot.tck,siteID,KONZ
KONZ_002.tickPlot.tck,KONZ_002.tickPlot.tck,plotID,KONZ_002
KONZ_002.tickPlot.tck,KONZ_002.tickPlot.tck,plotType,distributed
KONZ_002.tickPlot.tck,KONZ_002.tickPlot.tck,nlcdClass,grasslandHerbaceous
KONZ_007.tickPlot.tck,KONZ_007.tickPlot.tck,domainID,D06
KONZ_007.tickPlot.tck,KONZ_007.tickPlot.tck,siteID,KONZ
KONZ_007.tickPlot.tck,KONZ_007.tickPlot.tck,plotID,KONZ_007
KONZ_007.tickPlot.tck,KONZ_007.tickPlot.tck,plotType,distributed
KONZ_007.tickPlot.tck,KONZ_007.tickPlot.tck,nlcdClass,grasslandHerbaceous
KONZ_001.tickPlot.tck,KONZ_001.tickPlot.tck,domainID,D06
KONZ_001.tickPlot.tck,KONZ_001.tickPlot.tck,siteID,KONZ
KONZ_001.tickPlot.tck,KONZ_001.tickPlot.tck,plotID,KONZ_001
KONZ_001.tickPlot.tck,KONZ_001.tickPlot.tck,plotType,distributed
KONZ_001.tickPlot.tck,KONZ_001.tickPlot.tck,nlcdClass,grasslandHerbaceous
UKFS_001.tickPlot.tck,UKFS_001.tickPlot.tck,domainID,D06
UKFS_001.tickPlot.tck,UKFS_001.tickPlot.tck,siteID,UKFS
UKFS_001.tickPlot.tck,UKFS_001.tickPlot.tck,plotID,UKFS_001
UKFS_001.tickPlot.tck,UKFS_001.tickPlot.tck,plotType,distributed
UKFS_001.tickPlot.tck,UKFS_001.tickPlot.tck,nlcdClass,deciduousForest
UKFS_004.tickPlot.tck,UKFS_004.tickPlot.tck,domainID,D06
UKFS_004.tickPlot.tck,UKFS_004.tickPlot.tck,siteID,UKFS
UKFS_004.tickPlot.tck,UKFS_004.tickPlot.tck,plotID,UKFS_004
UKFS_004.tickPlot.tck,UKFS_004.tickPlot.tck,plotType,distributed
UKFS_004.tickPlot.tck,UKFS_004.tickPlot.tck,nlcdClass,deciduousForest
UKFS_003.tickPlot.tck,UKFS_003.tickPlot.tck,domainID,D06
UKFS_003.tickPlot.tck,UKFS_003.tickPlot.tck,siteID,UKFS
UKFS_003.tickPlot.tck,UKFS_003.tickPlot.tck,plotID,UKFS_003
UKFS_003.tickPlot.tck,UKFS_003.tickPlot.tck,plotType,distributed
UKFS_003.tickPlot.tck,UKFS_003.tickPlot.tck,nlcdClass,deciduousForest
UKFS_018.tickPlot.tck,UKFS_018.tickPlot.tck,domainID,D06
UKFS_018.tickPlot.tck,UKFS_018.tickPlot.tck,siteID,UKFS
UKFS_018.tickPlot.tck,UKFS_018.tickPlot.tck,plotID,UKFS_018
UKFS_018.tickPlot.tck,UKFS_018.tickPlot.tck,plotType,distributed
UKFS_018.tickPlot.tck,UKFS_018.tickPlot.tck,nlcdClass,grasslandHerbaceous
UKFS_030.tickPlot.tck,UKFS_030.tickPlot.tck,domainID,D06
UKFS_030.tickPlot.tck,UKFS_030.tickPlot.tck,siteID,UKFS
UKFS_030.tickPlot.tck,UKFS_030.tickPlot.tck,plotID,UKFS_030
UKFS_030.tickPlot.tck,UKFS_030.tickPlot.tck,plotType,distributed
UKFS_030.tickPlot.tck,UKFS_030.tickPlot.tck,nlcdClass,grasslandHerbaceous
UKFS_002.tickPlot.tck,UKFS_002.tickPlot.tck,domainID,D06
UKFS_002.tickPlot.tck,UKFS_002.tickPlot.tck,siteID,UKFS
UKFS_002.tickPlot.tck,UKFS_002.tickPlot.tck,plotID,UKFS_002
UKFS_002.tickPlot.tck,UKFS_002.tickPlot.tck,plotType,distributed
UKFS_002.tickPlot.tck,UKFS_002.tickPlot.tck,nlcdClass,deciduousForest
GRSM_005.tickPlot.tck,GRSM_005.tickPlot.tck,domainID,D07
GRSM_005.tickPlot.tck,GRSM_005.tickPlot.tck,siteID,GRSM
GRSM_005.tickPlot.tck,GRSM_005.tickPlot.tck,plotID,GRSM_005
GRSM_005.tickPlot.tck,GRSM_005.tickPlot.tck,plotType,distributed
GRSM_005.tickPlot.tck,GRSM_005.tickPlot.tck,nlcdClass,deciduousForest
GRSM_009.tickPlot.tck,GRSM_009.tickPlot.tck,domainID,D07
GRSM_009.tickPlot.tck,GRSM_009.tickPlot.tck,siteID,GRSM
GRSM_009.tickPlot.tck,GRSM_009.tickPlot.tck,plotID,GRSM_009
GRSM_009.tickPlot.tck,GRSM_009.tickPlot.tck,plotType,distributed
GRSM_009.tickPlot.tck,GRSM_009.tickPlot.tck,nlcdClass,deciduousForest
GRSM_010.tickPlot.tck,GRSM_010.tickPlot.tck,domainID,D07
GRSM_010.tickPlot.tck,GRSM_010.tickPlot.tck,siteID,GRSM
GRSM_010.tickPlot.tck,GRSM_010.tickPlot.tck,plotID,GRSM_010
GRSM_010.tickPlot.tck,GRSM_010.tickPlot.tck,plotType,distributed
GRSM_010.tickPlot.tck,GRSM_010.tickPlot.tck,nlcdClass,deciduousForest
GRSM_004.tickPlot.tck,GRSM_004.tickPlot.tck,domainID,D07
GRSM_004.tickPlot.tck,GRSM_004.tickPlot.tck,siteID,GRSM
GRSM_004.tickPlot.tck,GRSM_004.tickPlot.tck,plotID,GRSM_004
GRSM_004.tickPlot.tck,GRSM_004.tickPlot.tck,plotType,distributed
GRSM_004.tickPlot.tck,GRSM_004.tickPlot.tck,nlcdClass,deciduousForest
GRSM_003.tickPlot.tck,GRSM_003.tickPlot.tck,domainID,D07
GRSM_003.tickPlot.tck,GRSM_003.tickPlot.tck,siteID,GRSM
GRSM_003.tickPlot.tck,GRSM_003.tickPlot.tck,plotID,GRSM_003
GRSM_003.tickPlot.tck,GRSM_003.tickPlot.tck,plotType,distributed
GRSM_003.tickPlot.tck,GRSM_003.tickPlot.tck,nlcdClass,deciduousForest
GRSM_006.tickPlot.tck,GRSM_006.tickPlot.tck,domainID,D07
GRSM_006.tickPlot.tck,GRSM_006.tickPlot.tck,siteID,GRSM
GRSM_006.tickPlot.tck,GRSM_006.tickPlot.tck,plotID,GRSM_006
GRSM_006.tickPlot.tck,GRSM_006.tickPlot.tck,plotType,distributed
GRSM_006.tickPlot.tck,GRSM_006.tickPlot.tck,nlcdClass,deciduousForest
GRSM_015.tickPlot.tck,GRSM_015.tickPlot.tck,domainID,D07
GRSM_015.tickPlot.tck,GRSM_015.tickPlot.tck,siteID,GRSM
GRSM_015.tickPlot.tck,GRSM_015.tickPlot.tck,plotID,GRSM_015
GRSM_015.tickPlot.tck,GRSM_015.tickPlot.tck,plotType,distributed
GRSM_015.tickPlot.tck,GRSM_015.tickPlot.tck,nlcdClass,deciduousForest
MLBS_005.tickPlot.tck,MLBS_005.tickPlot.tck,domainID,D07
MLBS_005.tickPlot.tck,MLBS_005.tickPlot.tck,siteID,MLBS
MLBS_005.tickPlot.tck,MLBS_005.tickPlot.tck,plotID,MLBS_005
MLBS_005.tickPlot.tck,MLBS_005.tickPlot.tck,plotType,distributed
MLBS_005.tickPlot.tck,MLBS_005.tickPlot.tck,nlcdClass,deciduousForest
MLBS_003.tickPlot.tck,MLBS_003.tickPlot.tck,domainID,D07
MLBS_003.tickPlot.tck,MLBS_003.tickPlot.tck,siteID,MLBS
MLBS_003.tickPlot.tck,MLBS_003.tickPlot.tck,plotID,MLBS_003
MLBS_003.tickPlot.tck,MLBS_003.tickPlot.tck,plotType,distributed
MLBS_003.tickPlot.tck,MLBS_003.tickPlot.tck,nlcdClass,deciduousForest
MLBS_002.tickPlot.tck,MLBS_002.tickPlot.tck,domainID,D07
MLBS_002.tickPlot.tck,MLBS_002.tickPlot.tck,siteID,MLBS
MLBS_002.tickPlot.tck,MLBS_002.tickPlot.tck,plotID,MLBS_002
MLBS_002.tickPlot.tck,MLBS_002.tickPlot.tck,plotType,distributed
MLBS_002.tickPlot.tck,MLBS_002.tickPlot.tck,nlcdClass,deciduousForest
MLBS_009.tickPlot.tck,MLBS_009.tickPlot.tck,domainID,D07
MLBS_009.tickPlot.tck,MLBS_009.tickPlot.tck,siteID,MLBS
MLBS_009.tickPlot.tck,MLBS_009.tickPlot.tck,plotID,MLBS_009
MLBS_009.tickPlot.tck,MLBS_009.tickPlot.tck,plotType,distributed
MLBS_009.tickPlot.tck,MLBS_009.tickPlot.tck,nlcdClass,deciduousForest
MLBS_006.tickPlot.tck,MLBS_006.tickPlot.tck,domainID,D07
MLBS_006.tickPlot.tck,MLBS_006.tickPlot.tck,siteID,MLBS
MLBS_006.tickPlot.tck,MLBS_006.tickPlot.tck,plotID,MLBS_006
MLBS_006.tickPlot.tck,MLBS_006.tickPlot.tck,plotType,distributed
MLBS_006.tickPlot.tck,MLBS_006.tickPlot.tck,nlcdClass,deciduousForest
MLBS_004.tickPlot.tck,MLBS_004.tickPlot.tck,domainID,D07
MLBS_004.tickPlot.tck,MLBS_004.tickPlot.tck,siteID,MLBS
MLBS_004.tickPlot.tck,MLBS_004.tickPlot.tck,plotID,MLBS_004
MLBS_004.tickPlot.tck,MLBS_004.tickPlot.tck,plotType,distributed
MLBS_004.tickPlot.tck,MLBS_004.tickPlot.tck,nlcdClass,deciduousForest
ORNL_002.tickPlot.tck,ORNL_002.tickPlot.tck,domainID,D07
ORNL_002.tickPlot.tck,ORNL_002.tickPlot.tck,siteID,ORNL
ORNL_002.tickPlot.tck,ORNL_002.tickPlot.tck,plotID,ORNL_002
ORNL_002.tickPlot.tck,ORNL_002.tickPlot.tck,plotType,distributed
ORNL_002.tickPlot.tck,ORNL_002.tickPlot.tck,nlcdClass,deciduousForest
ORNL_040.tickPlot.tck,ORNL_040.tickPlot.tck,domainID,D07
ORNL_040.tickPlot.tck,ORNL_040.tickPlot.tck,siteID,ORNL
ORNL_040.tickPlot.tck,ORNL_040.tickPlot.tck,plotID,ORNL_040
ORNL_040.tickPlot.tck,ORNL_040.tickPlot.tck,plotType,distributed
ORNL_040.tickPlot.tck,ORNL_040.tickPlot.tck,nlcdClass,evergreenForest
ORNL_008.tickPlot.tck,ORNL_008.tickPlot.tck,domainID,D07
ORNL_008.tickPlot.tck,ORNL_008.tickPlot.tck,siteID,ORNL
ORNL_008.tickPlot.tck,ORNL_008.tickPlot.tck,plotID,ORNL_008
ORNL_008.tickPlot.tck,ORNL_008.tickPlot.tck,plotType,distributed
ORNL_008.tickPlot.tck,ORNL_008.tickPlot.tck,nlcdClass,deciduousForest
ORNL_007.tickPlot.tck,ORNL_007.tickPlot.tck,domainID,D07
ORNL_007.tickPlot.tck,ORNL_007.tickPlot.tck,siteID,ORNL
ORNL_007.tickPlot.tck,ORNL_007.tickPlot.tck,plotID,ORNL_007
ORNL_007.tickPlot.tck,ORNL_007.tickPlot.tck,plotType,distributed
ORNL_007.tickPlot.tck,ORNL_007.tickPlot.tck,nlcdClass,deciduousForest
ORNL_009.tickPlot.tck,ORNL_009.tickPlot.tck,domainID,D07
ORNL_009.tickPlot.tck,ORNL_009.tickPlot.tck,siteID,ORNL
ORNL_009.tickPlot.tck,ORNL_009.tickPlot.tck,plotID,ORNL_009
ORNL_009.tickPlot.tck,ORNL_009.tickPlot.tck,plotType,distributed
ORNL_009.tickPlot.tck,ORNL_009.tickPlot.tck,nlcdClass,deciduousForest
ORNL_003.tickPlot.tck,ORNL_003.tickPlot.tck,domainID,D07
ORNL_003.tickPlot.tck,ORNL_003.tickPlot.tck,siteID,ORNL
ORNL_003.tickPlot.tck,ORNL_003.tickPlot.tck,plotID,ORNL_003
ORNL_003.tickPlot.tck,ORNL_003.tickPlot.tck,plotType,distributed
ORNL_003.tickPlot.tck,ORNL_003.tickPlot.tck,nlcdClass,deciduousForest
DELA_008.tickPlot.tck,DELA_008.tickPlot.tck,domainID,D08
DELA_008.tickPlot.tck,DELA_008.tickPlot.tck,siteID,DELA
DELA_008.tickPlot.tck,DELA_008.tickPlot.tck,plotID,DELA_008
DELA_008.tickPlot.tck,DELA_008.tickPlot.tck,plotType,distributed
DELA_008.tickPlot.tck,DELA_008.tickPlot.tck,nlcdClass,woodyWetlands
DELA_016.tickPlot.tck,DELA_016.tickPlot.tck,domainID,D08
DELA_016.tickPlot.tck,DELA_016.tickPlot.tck,siteID,DELA
DELA_016.tickPlot.tck,DELA_016.tickPlot.tck,plotID,DELA_016
DELA_016.tickPlot.tck,DELA_016.tickPlot.tck,plotType,distributed
DELA_016.tickPlot.tck,DELA_016.tickPlot.tck,nlcdClass,evergreenForest
DELA_005.tickPlot.tck,DELA_005.tickPlot.tck,domainID,D08
DELA_005.tickPlot.tck,DELA_005.tickPlot.tck,siteID,DELA
DELA_005.tickPlot.tck,DELA_005.tickPlot.tck,plotID,DELA_005
DELA_005.tickPlot.tck,DELA_005.tickPlot.tck,plotType,distributed
DELA_005.tickPlot.tck,DELA_005.tickPlot.tck,nlcdClass,woodyWetlands
DELA_014.tickPlot.tck,DELA_014.tickPlot.tck,domainID,D08
DELA_014.tickPlot.tck,DELA_014.tickPlot.tck,siteID,DELA
DELA_014.tickPlot.tck,DELA_014.tickPlot.tck,plotID,DELA_014
DELA_014.tickPlot.tck,DELA_014.tickPlot.tck,plotType,distributed
DELA_014.tickPlot.tck,DELA_014.tickPlot.tck,nlcdClass,evergreenForest
DELA_007.tickPlot.tck,DELA_007.tickPlot.tck,domainID,D08
DELA_007.tickPlot.tck,DELA_007.tickPlot.tck,siteID,DELA
DELA_007.tickPlot.tck,DELA_007.tickPlot.tck,plotID,DELA_007
DELA_007.tickPlot.tck,DELA_007.tickPlot.tck,plotType,distributed
DELA_007.tickPlot.tck,DELA_007.tickPlot.tck,nlcdClass,woodyWetlands
DELA_001.tickPlot.tck,DELA_001.tickPlot.tck,domainID,D08
DELA_001.tickPlot.tck,DELA_001.tickPlot.tck,siteID,DELA
DELA_001.tickPlot.tck,DELA_001.tickPlot.tck,plotID,DELA_001
DELA_001.tickPlot.tck,DELA_001.tickPlot.tck,plotType,distributed
DELA_001.tickPlot.tck,DELA_001.tickPlot.tck,nlcdClass,woodyWetlands
DELA_011.tickPlot.tck,DELA_011.tickPlot.tck,domainID,D08
DELA_011.tickPlot.tck,DELA_011.tickPlot.tck,siteID,DELA
DELA_011.tickPlot.tck,DELA_011.tickPlot.tck,plotID,DELA_011
DELA_011.tickPlot.tck,DELA_011.tickPlot.tck,plotType,distributed
DELA_011.tickPlot.tck,DELA_011.tickPlot.tck,nlcdClass,woodyWetlands
DELA_004.tickPlot.tck,DELA_004.tickPlot.tck,domainID,D08
DELA_004.tickPlot.tck,DELA_004.tickPlot.tck,siteID,DELA
DELA_004.tickPlot.tck,DELA_004.tickPlot.tck,plotID,DELA_004
DELA_004.tickPlot.tck,DELA_004.tickPlot.tck,plotType,distributed
DELA_004.tickPlot.tck,DELA_004.tickPlot.tck,nlcdClass,woodyWetlands
LENO_004.tickPlot.tck,LENO_004.tickPlot.tck,domainID,D08
LENO_004.tickPlot.tck,LENO_004.tickPlot.tck,siteID,LENO
LENO_004.tickPlot.tck,LENO_004.tickPlot.tck,plotID,LENO_004
LENO_004.tickPlot.tck,LENO_004.tickPlot.tck,plotType,distributed
LENO_004.tickPlot.tck,LENO_004.tickPlot.tck,nlcdClass,woodyWetlands
LENO_015.tickPlot.tck,LENO_015.tickPlot.tck,domainID,D08
LENO_015.tickPlot.tck,LENO_015.tickPlot.tck,siteID,LENO
LENO_015.tickPlot.tck,LENO_015.tickPlot.tck,plotID,LENO_015
LENO_015.tickPlot.tck,LENO_015.tickPlot.tck,plotType,distributed
LENO_015.tickPlot.tck,LENO_015.tickPlot.tck,nlcdClass,woodyWetlands
LENO_042.tickPlot.tck,LENO_042.tickPlot.tck,domainID,D08
LENO_042.tickPlot.tck,LENO_042.tickPlot.tck,siteID,LENO
LENO_042.tickPlot.tck,LENO_042.tickPlot.tck,plotID,LENO_042
LENO_042.tickPlot.tck,LENO_042.tickPlot.tck,plotType,distributed
LENO_042.tickPlot.tck,LENO_042.tickPlot.tck,nlcdClass,woodyWetlands
LENO_023.tickPlot.tck,LENO_023.tickPlot.tck,domainID,D08
LENO_023.tickPlot.tck,LENO_023.tickPlot.tck,siteID,LENO
LENO_023.tickPlot.tck,LENO_023.tickPlot.tck,plotID,LENO_023
LENO_023.tickPlot.tck,LENO_023.tickPlot.tck,plotType,distributed
LENO_023.tickPlot.tck,LENO_023.tickPlot.tck,nlcdClass,deciduousForest
LENO_003.tickPlot.tck,LENO_003.tickPlot.tck,domainID,D08
LENO_003.tickPlot.tck,LENO_003.tickPlot.tck,siteID,LENO
LENO_003.tickPlot.tck,LENO_003.tickPlot.tck,plotID,LENO_003
LENO_003.tickPlot.tck,LENO_003.tickPlot.tck,plotType,distributed
LENO_003.tickPlot.tck,LENO_003.tickPlot.tck,nlcdClass,deciduousForest
LENO_002.tickPlot.tck,LENO_002.tickPlot.tck,domainID,D08
LENO_002.tickPlot.tck,LENO_002.tickPlot.tck,siteID,LENO
LENO_002.tickPlot.tck,LENO_002.tickPlot.tck,plotID,LENO_002
LENO_002.tickPlot.tck,LENO_002.tickPlot.tck,plotType,distributed
LENO_002.tickPlot.tck,LENO_002.tickPlot.tck,nlcdClass,woodyWetlands
TALL_001.tickPlot.tck,TALL_001.tickPlot.tck,domainID,D08
TALL_001.tickPlot.tck,TALL_001.tickPlot.tck,siteID,TALL
TALL_001.tickPlot.tck,TALL_001.tickPlot.tck,plotID,TALL_001
TALL_001.tickPlot.tck,TALL_001.tickPlot.tck,plotType,distributed
TALL_001.tickPlot.tck,TALL_001.tickPlot.tck,nlcdClass,deciduousForest
TALL_008.tickPlot.tck,TALL_008.tickPlot.tck,domainID,D08
TALL_008.tickPlot.tck,TALL_008.tickPlot.tck,siteID,TALL
TALL_008.tickPlot.tck,TALL_008.tickPlot.tck,plotID,TALL_008
TALL_008.tickPlot.tck,TALL_008.tickPlot.tck,plotType,distributed
TALL_008.tickPlot.tck,TALL_008.tickPlot.tck,nlcdClass,deciduousForest
TALL_002.tickPlot.tck,TALL_002.tickPlot.tck,domainID,D08
TALL_002.tickPlot.tck,TALL_002.tickPlot.tck,siteID,TALL
TALL_002.tickPlot.tck,TALL_002.tickPlot.tck,plotID,TALL_002
TALL_002.tickPlot.tck,TALL_002.tickPlot.tck,plotType,distributed
TALL_002.tickPlot.tck,TALL_002.tickPlot.tck,nlcdClass,mixedForest
TALL_006.tickPlot.tck,TALL_006.tickPlot.tck,domainID,D08
TALL_006.tickPlot.tck,TALL_006.tickPlot.tck,siteID,TALL
TALL_006.tickPlot.tck,TALL_006.tickPlot.tck,plotID,TALL_006
TALL_006.tickPlot.tck,TALL_006.tickPlot.tck,plotType,distributed
TALL_006.tickPlot.tck,TALL_006.tickPlot.tck,nlcdClass,evergreenForest
TALL_003.tickPlot.tck,TALL_003.tickPlot.tck,domainID,D08
TALL_003.tickPlot.tck,TALL_003.tickPlot.tck,siteID,TALL
TALL_003.tickPlot.tck,TALL_003.tickPlot.tck,plotID,TALL_003
TALL_003.tickPlot.tck,TALL_003.tickPlot.tck,plotType,distributed
TALL_003.tickPlot.tck,TALL_003.tickPlot.tck,nlcdClass,mixedForest
TALL_016.tickPlot.tck,TALL_016.tickPlot.tck,domainID,D08
TALL_016.tickPlot.tck,TALL_016.tickPlot.tck,siteID,TALL
TALL_016.tickPlot.tck,TALL_016.tickPlot.tck,plotID,TALL_016
TALL_016.tickPlot.tck,TALL_016.tickPlot.tck,plotType,distributed
TALL_016.tickPlot.tck,TALL_016.tickPlot.tck,nlcdClass,evergreenForest
DCFS_004.tickPlot.tck,DCFS_004.tickPlot.tck,domainID,D09
DCFS_004.tickPlot.tck,DCFS_004.tickPlot.tck,siteID,DCFS
DCFS_004.tickPlot.tck,DCFS_004.tickPlot.tck,plotID,DCFS_004
DCFS_004.tickPlot.tck,DCFS_004.tickPlot.tck,plotType,distributed
DCFS_004.tickPlot.tck,DCFS_004.tickPlot.tck,nlcdClass,grasslandHerbaceous
DCFS_007.tickPlot.tck,DCFS_007.tickPlot.tck,domainID,D09
DCFS_007.tickPlot.tck,DCFS_007.tickPlot.tck,siteID,DCFS
DCFS_007.tickPlot.tck,DCFS_007.tickPlot.tck,plotID,DCFS_007
DCFS_007.tickPlot.tck,DCFS_007.tickPlot.tck,plotType,distributed
DCFS_007.tickPlot.tck,DCFS_007.tickPlot.tck,nlcdClass,grasslandHerbaceous
DCFS_005.tickPlot.tck,DCFS_005.tickPlot.tck,domainID,D09
DCFS_005.tickPlot.tck,DCFS_005.tickPlot.tck,siteID,DCFS
DCFS_005.tickPlot.tck,DCFS_005.tickPlot.tck,plotID,DCFS_005
DCFS_005.tickPlot.tck,DCFS_005.tickPlot.tck,plotType,distributed
DCFS_005.tickPlot.tck,DCFS_005.tickPlot.tck,nlcdClass,grasslandHerbaceous
DCFS_001.tickPlot.tck,DCFS_001.tickPlot.tck,domainID,D09
DCFS_001.tickPlot.tck,DCFS_001.tickPlot.tck,siteID,DCFS
DCFS_001.tickPlot.tck,DCFS_001.tickPlot.tck,plotID,DCFS_001
DCFS_001.tickPlot.tck,DCFS_001.tickPlot.tck,plotType,distributed
DCFS_001.tickPlot.tck,DCFS_001.tickPlot.tck,nlcdClass,grasslandHerbaceous
DCFS_010.tickPlot.tck,DCFS_010.tickPlot.tck,domainID,D09
DCFS_010.tickPlot.tck,DCFS_010.tickPlot.tck,siteID,DCFS
DCFS_010.tickPlot.tck,DCFS_010.tickPlot.tck,plotID,DCFS_010
DCFS_010.tickPlot.tck,DCFS_010.tickPlot.tck,plotType,distributed
DCFS_010.tickPlot.tck,DCFS_010.tickPlot.tck,nlcdClass,grasslandHerbaceous
DCFS_003.tickPlot.tck,DCFS_003.tickPlot.tck,domainID,D09
DCFS_003.tickPlot.tck,DCFS_003.tickPlot.tck,siteID,DCFS
DCFS_003.tickPlot.tck,DCFS_003.tickPlot.tck,plotID,DCFS_003
DCFS_003.tickPlot.tck,DCFS_003.tickPlot.tck,plotType,distributed
DCFS_003.tickPlot.tck,DCFS_003.tickPlot.tck,nlcdClass,grasslandHerbaceous
NOGP_002.tickPlot.tck,NOGP_002.tickPlot.tck,domainID,D09
NOGP_002.tickPlot.tck,NOGP_002.tickPlot.tck,siteID,NOGP
NOGP_002.tickPlot.tck,NOGP_002.tickPlot.tck,plotID,NOGP_002
NOGP_002.tickPlot.tck,NOGP_002.tickPlot.tck,plotType,distributed
NOGP_002.tickPlot.tck,NOGP_002.tickPlot.tck,nlcdClass,grasslandHerbaceous
NOGP_001.tickPlot.tck,NOGP_001.tickPlot.tck,domainID,D09
NOGP_001.tickPlot.tck,NOGP_001.tickPlot.tck,siteID,NOGP
NOGP_001.tickPlot.tck,NOGP_001.tickPlot.tck,plotID,NOGP_001
NOGP_001.tickPlot.tck,NOGP_001.tickPlot.tck,plotType,distributed
NOGP_001.tickPlot.tck,NOGP_001.tickPlot.tck,nlcdClass,grasslandHerbaceous
NOGP_005.tickPlot.tck,NOGP_005.tickPlot.tck,domainID,D09
NOGP_005.tickPlot.tck,NOGP_005.tickPlot.tck,siteID,NOGP
NOGP_005.tickPlot.tck,NOGP_005.tickPlot.tck,plotID,NOGP_005
NOGP_005.tickPlot.tck,NOGP_005.tickPlot.tck,plotType,distributed
NOGP_005.tickPlot.tck,NOGP_005.tickPlot.tck,nlcdClass,grasslandHerbaceous
NOGP_006.tickPlot.tck,NOGP_006.tickPlot.tck,domainID,D09
NOGP_006.tickPlot.tck,NOGP_006.tickPlot.tck,siteID,NOGP
NOGP_006.tickPlot.tck,NOGP_006.tickPlot.tck,plotID,NOGP_006
NOGP_006.tickPlot.tck,NOGP_006.tickPlot.tck,plotType,distributed
NOGP_006.tickPlot.tck,NOGP_006.tickPlot.tck,nlcdClass,grasslandHerbaceous
NOGP_008.tickPlot.tck,NOGP_008.tickPlot.tck,domainID,D09
NOGP_008.tickPlot.tck,NOGP_008.tickPlot.tck,siteID,NOGP
NOGP_008.tickPlot.tck,NOGP_008.tickPlot.tck,plotID,NOGP_008
NOGP_008.tickPlot.tck,NOGP_008.tickPlot.tck,plotType,distributed
NOGP_008.tickPlot.tck,NOGP_008.tickPlot.tck,nlcdClass,grasslandHerbaceous
NOGP_007.tickPlot.tck,NOGP_007.tickPlot.tck,domainID,D09
NOGP_007.tickPlot.tck,NOGP_007.tickPlot.tck,siteID,NOGP
NOGP_007.tickPlot.tck,NOGP_007.tickPlot.tck,plotID,NOGP_007
NOGP_007.tickPlot.tck,NOGP_007.tickPlot.tck,plotType,distributed
NOGP_007.tickPlot.tck,NOGP_007.tickPlot.tck,nlcdClass,grasslandHerbaceous
WOOD_009.tickPlot.tck,WOOD_009.tickPlot.tck,domainID,D09
WOOD_009.tickPlot.tck,WOOD_009.tickPlot.tck,siteID,WOOD
WOOD_009.tickPlot.tck,WOOD_009.tickPlot.tck,plotID,WOOD_009
WOOD_009.tickPlot.tck,WOOD_009.tickPlot.tck,plotType,distributed
WOOD_009.tickPlot.tck,WOOD_009.tickPlot.tck,nlcdClass,grasslandHerbaceous
WOOD_002.tickPlot.tck,WOOD_002.tickPlot.tck,domainID,D09
WOOD_002.tickPlot.tck,WOOD_002.tickPlot.tck,siteID,WOOD
WOOD_002.tickPlot.tck,WOOD_002.tickPlot.tck,plotID,WOOD_002
WOOD_002.tickPlot.tck,WOOD_002.tickPlot.tck,plotType,distributed
WOOD_002.tickPlot.tck,WOOD_002.tickPlot.tck,nlcdClass,grasslandHerbaceous
WOOD_006.tickPlot.tck,WOOD_006.tickPlot.tck,domainID,D09
WOOD_006.tickPlot.tck,WOOD_006.tickPlot.tck,siteID,WOOD
WOOD_006.tickPlot.tck,WOOD_006.tickPlot.tck,plotID,WOOD_006
WOOD_006.tickPlot.tck,WOOD_006.tickPlot.tck,plotType,distributed
WOOD_006.tickPlot.tck,WOOD_006.tickPlot.tck,nlcdClass,grasslandHerbaceous
WOOD_007.tickPlot.tck,WOOD_007.tickPlot.tck,domainID,D09
WOOD_007.tickPlot.tck,WOOD_007.tickPlot.tck,siteID,WOOD
WOOD_007.tickPlot.tck,WOOD_007.tickPlot.tck,plotID,WOOD_007
WOOD_007.tickPlot.tck,WOOD_007.tickPlot.tck,plotType,distributed
WOOD_007.tickPlot.tck,WOOD_007.tickPlot.tck,nlcdClass,grasslandHerbaceous
WOOD_001.tickPlot.tck,WOOD_001.tickPlot.tck,domainID,D09
WOOD_001.tickPlot.tck,WOOD_001.tickPlot.tck,siteID,WOOD
WOOD_001.tickPlot.tck,WOOD_001.tickPlot.tck,plotID,WOOD_001
WOOD_001.tickPlot.tck,WOOD_001.tickPlot.tck,plotType,distributed
WOOD_001.tickPlot.tck,WOOD_001.tickPlot.tck,nlcdClass,grasslandHerbaceous
WOOD_024.tickPlot.tck,WOOD_024.tickPlot.tck,domainID,D09
WOOD_024.tickPlot.tck,WOOD_024.tickPlot.tck,siteID,WOOD
WOOD_024.tickPlot.tck,WOOD_024.tickPlot.tck,plotID,WOOD_024
WOOD_024.tickPlot.tck,WOOD_024.tickPlot.tck,plotType,distributed
WOOD_024.tickPlot.tck,WOOD_024.tickPlot.tck,nlcdClass,emergentHerbaceousWetlands
CPER_001.tickPlot.tck,CPER_001.tickPlot.tck,domainID,D10
CPER_001.tickPlot.tck,CPER_001.tickPlot.tck,siteID,CPER
CPER_001.tickPlot.tck,CPER_001.tickPlot.tck,plotID,CPER_001
CPER_001.tickPlot.tck,CPER_001.tickPlot.tck,plotType,distributed
CPER_001.tickPlot.tck,CPER_001.tickPlot.tck,nlcdClass,grasslandHerbaceous
CPER_007.tickPlot.tck,CPER_007.tickPlot.tck,domainID,D10
CPER_007.tickPlot.tck,CPER_007.tickPlot.tck,siteID,CPER
CPER_007.tickPlot.tck,CPER_007.tickPlot.tck,plotID,CPER_007
CPER_007.tickPlot.tck,CPER_007.tickPlot.tck,plotType,distributed
CPER_007.tickPlot.tck,CPER_007.tickPlot.tck,nlcdClass,grasslandHerbaceous
CPER_005.tickPlot.tck,CPER_005.tickPlot.tck,domainID,D10
CPER_005.tickPlot.tck,CPER_005.tickPlot.tck,siteID,CPER
CPER_005.tickPlot.tck,CPER_005.tickPlot.tck,plotID,CPER_005
CPER_005.tickPlot.tck,CPER_005.tickPlot.tck,plotType,distributed
CPER_005.tickPlot.tck,CPER_005.tickPlot.tck,nlcdClass,grasslandHerbaceous
CPER_003.tickPlot.tck,CPER_003.tickPlot.tck,domainID,D10
CPER_003.tickPlot.tck,CPER_003.tickPlot.tck,siteID,CPER
CPER_003.tickPlot.tck,CPER_003.tickPlot.tck,plotID,CPER_003
CPER_003.tickPlot.tck,CPER_003.tickPlot.tck,plotType,distributed
CPER_003.tickPlot.tck,CPER_003.tickPlot.tck,nlcdClass,grasslandHerbaceous
CPER_004.tickPlot.tck,CPER_004.tickPlot.tck,domainID,D10
CPER_004.tickPlot.tck,CPER_004.tickPlot.tck,siteID,CPER
CPER_004.tickPlot.tck,CPER_004.tickPlot.tck,plotID,CPER_004
CPER_004.tickPlot.tck,CPER_004.tickPlot.tck,plotType,distributed
CPER_004.tickPlot.tck,CPER_004.tickPlot.tck,nlcdClass,grasslandHerbaceous
CPER_002.tickPlot.tck,CPER_002.tickPlot.tck,domainID,D10
CPER_002.tickPlot.tck,CPER_002.tickPlot.tck,siteID,CPER
CPER_002.tickPlot.tck,CPER_002.tickPlot.tck,plotID,CPER_002
CPER_002.tickPlot.tck,CPER_002.tickPlot.tck,plotType,distributed
CPER_002.tickPlot.tck,CPER_002.tickPlot.tck,nlcdClass,grasslandHerbaceous
RMNP_004.tickPlot.tck,RMNP_004.tickPlot.tck,domainID,D10
RMNP_004.tickPlot.tck,RMNP_004.tickPlot.tck,siteID,RMNP
RMNP_004.tickPlot.tck,RMNP_004.tickPlot.tck,plotID,RMNP_004
RMNP_004.tickPlot.tck,RMNP_004.tickPlot.tck,plotType,distributed
RMNP_004.tickPlot.tck,RMNP_004.tickPlot.tck,nlcdClass,evergreenForest
RMNP_007.tickPlot.tck,RMNP_007.tickPlot.tck,domainID,D10
RMNP_007.tickPlot.tck,RMNP_007.tickPlot.tck,siteID,RMNP
RMNP_007.tickPlot.tck,RMNP_007.tickPlot.tck,plotID,RMNP_007
RMNP_007.tickPlot.tck,RMNP_007.tickPlot.tck,plotType,distributed
RMNP_007.tickPlot.tck,RMNP_007.tickPlot.tck,nlcdClass,evergreenForest
RMNP_012.tickPlot.tck,RMNP_012.tickPlot.tck,domainID,D10
RMNP_012.tickPlot.tck,RMNP_012.tickPlot.tck,siteID,RMNP
RMNP_012.tickPlot.tck,RMNP_012.tickPlot.tck,plotID,RMNP_012
RMNP_012.tickPlot.tck,RMNP_012.tickPlot.tck,plotType,distributed
RMNP_012.tickPlot.tck,RMNP_012.tickPlot.tck,nlcdClass,evergreenForest
RMNP_013.tickPlot.tck,RMNP_013.tickPlot.tck,domainID,D10
RMNP_013.tickPlot.tck,RMNP_013.tickPlot.tck,siteID,RMNP
RMNP_013.tickPlot.tck,RMNP_013.tickPlot.tck,plotID,RMNP_013
RMNP_013.tickPlot.tck,RMNP_013.tickPlot.tck,plotType,distributed
RMNP_013.tickPlot.tck,RMNP_013.tickPlot.tck,nlcdClass,evergreenForest
RMNP_003.tickPlot.tck,RMNP_003.tickPlot.tck,domainID,D10
RMNP_003.tickPlot.tck,RMNP_003.tickPlot.tck,siteID,RMNP
RMNP_003.tickPlot.tck,RMNP_003.tickPlot.tck,plotID,RMNP_003
RMNP_003.tickPlot.tck,RMNP_003.tickPlot.tck,plotType,distributed
RMNP_003.tickPlot.tck,RMNP_003.tickPlot.tck,nlcdClass,evergreenForest
RMNP_002.tickPlot.tck,RMNP_002.tickPlot.tck,domainID,D10
RMNP_002.tickPlot.tck,RMNP_002.tickPlot.tck,siteID,RMNP
RMNP_002.tickPlot.tck,RMNP_002.tickPlot.tck,plotID,RMNP_002
RMNP_002.tickPlot.tck,RMNP_002.tickPlot.tck,plotType,distributed
RMNP_002.tickPlot.tck,RMNP_002.tickPlot.tck,nlcdClass,evergreenForest
STER_029.tickPlot.tck,STER_029.tickPlot.tck,domainID,D10
STER_029.tickPlot.tck,STER_029.tickPlot.tck,siteID,STER
STER_029.tickPlot.tck,STER_029.tickPlot.tck,plotID,STER_029
STER_029.tickPlot.tck,STER_029.tickPlot.tck,plotType,distributed
STER_029.tickPlot.tck,STER_029.tickPlot.tck,nlcdClass,cultivatedCrops
STER_028.tickPlot.tck,STER_028.tickPlot.tck,domainID,D10
STER_028.tickPlot.tck,STER_028.tickPlot.tck,siteID,STER
STER_028.tickPlot.tck,STER_028.tickPlot.tck,plotID,STER_028
STER_028.tickPlot.tck,STER_028.tickPlot.tck,plotType,distributed
STER_028.tickPlot.tck,STER_028.tickPlot.tck,nlcdClass,cultivatedCrops
STER_026.tickPlot.tck,STER_026.tickPlot.tck,domainID,D10
STER_026.tickPlot.tck,STER_026.tickPlot.tck,siteID,STER
STER_026.tickPlot.tck,STER_026.tickPlot.tck,plotID,STER_026
STER_026.tickPlot.tck,STER_026.tickPlot.tck,plotType,distributed
STER_026.tickPlot.tck,STER_026.tickPlot.tck,nlcdClass,cultivatedCrops
STER_027.tickPlot.tck,STER_027.tickPlot.tck,domainID,D10
STER_027.tickPlot.tck,STER_027.tickPlot.tck,siteID,STER
STER_027.tickPlot.tck,STER_027.tickPlot.tck,plotID,STER_027
STER_027.tickPlot.tck,STER_027.tickPlot.tck,plotType,distributed
STER_027.tickPlot.tck,STER_027.tickPlot.tck,nlcdClass,cultivatedCrops
STER_033.tickPlot.tck,STER_033.tickPlot.tck,domainID,D10
STER_033.tickPlot.tck,STER_033.tickPlot.tck,siteID,STER
STER_033.tickPlot.tck,STER_033.tickPlot.tck,plotID,STER_033
STER_033.tickPlot.tck,STER_033.tickPlot.tck,plotType,distributed
STER_033.tickPlot.tck,STER_033.tickPlot.tck,nlcdClass,cultivatedCrops
STER_006.tickPlot.tck,STER_006.tickPlot.tck,domainID,D10
STER_006.tickPlot.tck,STER_006.tickPlot.tck,siteID,STER
STER_006.tickPlot.tck,STER_006.tickPlot.tck,plotID,STER_006
STER_006.tickPlot.tck,STER_006.tickPlot.tck,plotType,distributed
STER_006.tickPlot.tck,STER_006.tickPlot.tck,nlcdClass,cultivatedCrops
CLBJ_036.tickPlot.tck,CLBJ_036.tickPlot.tck,domainID,D11
CLBJ_036.tickPlot.tck,CLBJ_036.tickPlot.tck,siteID,CLBJ
CLBJ_036.tickPlot.tck,CLBJ_036.tickPlot.tck,plotID,CLBJ_036
CLBJ_036.tickPlot.tck,CLBJ_036.tickPlot.tck,plotType,distributed
CLBJ_036.tickPlot.tck,CLBJ_036.tickPlot.tck,nlcdClass,grasslandHerbaceous
CLBJ_034.tickPlot.tck,CLBJ_034.tickPlot.tck,domainID,D11
CLBJ_034.tickPlot.tck,CLBJ_034.tickPlot.tck,siteID,CLBJ
CLBJ_034.tickPlot.tck,CLBJ_034.tickPlot.tck,plotID,CLBJ_034
CLBJ_034.tickPlot.tck,CLBJ_034.tickPlot.tck,plotType,distributed
CLBJ_034.tickPlot.tck,CLBJ_034.tickPlot.tck,nlcdClass,grasslandHerbaceous
CLBJ_032.tickPlot.tck,CLBJ_032.tickPlot.tck,domainID,D11
CLBJ_032.tickPlot.tck,CLBJ_032.tickPlot.tck,siteID,CLBJ
CLBJ_032.tickPlot.tck,CLBJ_032.tickPlot.tck,plotID,CLBJ_032
CLBJ_032.tickPlot.tck,CLBJ_032.tickPlot.tck,plotType,distributed
CLBJ_032.tickPlot.tck,CLBJ_032.tickPlot.tck,nlcdClass,grasslandHerbaceous
CLBJ_043.tickPlot.tck,CLBJ_043.tickPlot.tck,domainID,D11
CLBJ_043.tickPlot.tck,CLBJ_043.tickPlot.tck,siteID,CLBJ
CLBJ_043.tickPlot.tck,CLBJ_043.tickPlot.tck,plotID,CLBJ_043
CLBJ_043.tickPlot.tck,CLBJ_043.tickPlot.tck,plotType,distributed
CLBJ_043.tickPlot.tck,CLBJ_043.tickPlot.tck,nlcdClass,deciduousForest
CLBJ_033.tickPlot.tck,CLBJ_033.tickPlot.tck,domainID,D11
CLBJ_033.tickPlot.tck,CLBJ_033.tickPlot.tck,siteID,CLBJ
CLBJ_033.tickPlot.tck,CLBJ_033.tickPlot.tck,plotID,CLBJ_033
CLBJ_033.tickPlot.tck,CLBJ_033.tickPlot.tck,plotType,distributed
CLBJ_033.tickPlot.tck,CLBJ_033.tickPlot.tck,nlcdClass,deciduousForest
CLBJ_040.tickPlot.tck,CLBJ_040.tickPlot.tck,domainID,D11
CLBJ_040.tickPlot.tck,CLBJ_040.tickPlot.tck,siteID,CLBJ
CLBJ_040.tickPlot.tck,CLBJ_040.tickPlot.tck,plotID,CLBJ_040
CLBJ_040.tickPlot.tck,CLBJ_040.tickPlot.tck,plotType,distributed
CLBJ_040.tickPlot.tck,CLBJ_040.tickPlot.tck,nlcdClass,deciduousForest
OAES_008.tickPlot.tck,OAES_008.tickPlot.tck,domainID,D11
OAES_008.tickPlot.tck,OAES_008.tickPlot.tck,siteID,OAES
OAES_008.tickPlot.tck,OAES_008.tickPlot.tck,plotID,OAES_008
OAES_008.tickPlot.tck,OAES_008.tickPlot.tck,plotType,distributed
OAES_008.tickPlot.tck,OAES_008.tickPlot.tck,nlcdClass,grasslandHerbaceous
OAES_007.tickPlot.tck,OAES_007.tickPlot.tck,domainID,D11
OAES_007.tickPlot.tck,OAES_007.tickPlot.tck,siteID,OAES
OAES_007.tickPlot.tck,OAES_007.tickPlot.tck,plotID,OAES_007
OAES_007.tickPlot.tck,OAES_007.tickPlot.tck,plotType,distributed
OAES_007.tickPlot.tck,OAES_007.tickPlot.tck,nlcdClass,shrubScrub
OAES_003.tickPlot.tck,OAES_003.tickPlot.tck,domainID,D11
OAES_003.tickPlot.tck,OAES_003.tickPlot.tck,siteID,OAES
OAES_003.tickPlot.tck,OAES_003.tickPlot.tck,plotID,OAES_003
OAES_003.tickPlot.tck,OAES_003.tickPlot.tck,plotType,distributed
OAES_003.tickPlot.tck,OAES_003.tickPlot.tck,nlcdClass,grasslandHerbaceous
OAES_021.tickPlot.tck,OAES_021.tickPlot.tck,domainID,D11
OAES_021.tickPlot.tck,OAES_021.tickPlot.tck,siteID,OAES
OAES_021.tickPlot.tck,OAES_021.tickPlot.tck,plotID,OAES_021
OAES_021.tickPlot.tck,OAES_021.tickPlot.tck,plotType,distributed
OAES_021.tickPlot.tck,OAES_021.tickPlot.tck,nlcdClass,shrubScrub
OAES_004.tickPlot.tck,OAES_004.tickPlot.tck,domainID,D11
OAES_004.tickPlot.tck,OAES_004.tickPlot.tck,siteID,OAES
OAES_004.tickPlot.tck,OAES_004.tickPlot.tck,plotID,OAES_004
OAES_004.tickPlot.tck,OAES_004.tickPlot.tck,plotType,distributed
OAES_004.tickPlot.tck,OAES_004.tickPlot.tck,nlcdClass,grasslandHerbaceous
OAES_005.tickPlot.tck,OAES_005.tickPlot.tck,domainID,D11
OAES_005.tickPlot.tck,OAES_005.tickPlot.tck,siteID,OAES
OAES_005.tickPlot.tck,OAES_005.tickPlot.tck,plotID,OAES_005
OAES_005.tickPlot.tck,OAES_005.tickPlot.tck,plotType,distributed
OAES_005.tickPlot.tck,OAES_005.tickPlot.tck,nlcdClass,grasslandHerbaceous
YELL_009.tickPlot.tck,YELL_009.tickPlot.tck,domainID,D12
YELL_009.tickPlot.tck,YELL_009.tickPlot.tck,siteID,YELL
YELL_009.tickPlot.tck,YELL_009.tickPlot.tck,plotID,YELL_009
YELL_009.tickPlot.tck,YELL_009.tickPlot.tck,plotType,distributed
YELL_009.tickPlot.tck,YELL_009.tickPlot.tck,nlcdClass,evergreenForest
YELL_003.tickPlot.tck,YELL_003.tickPlot.tck,domainID,D12
YELL_003.tickPlot.tck,YELL_003.tickPlot.tck,siteID,YELL
YELL_003.tickPlot.tck,YELL_003.tickPlot.tck,plotID,YELL_003
YELL_003.tickPlot.tck,YELL_003.tickPlot.tck,plotType,distributed
YELL_003.tickPlot.tck,YELL_003.tickPlot.tck,nlcdClass,shrubScrub
YELL_004.tickPlot.tck,YELL_004.tickPlot.tck,domainID,D12
YELL_004.tickPlot.tck,YELL_004.tickPlot.tck,siteID,YELL
YELL_004.tickPlot.tck,YELL_004.tickPlot.tck,plotID,YELL_004
YELL_004.tickPlot.tck,YELL_004.tickPlot.tck,plotType,distributed
YELL_004.tickPlot.tck,YELL_004.tickPlot.tck,nlcdClass,shrubScrub
YELL_012.tickPlot.tck,YELL_012.tickPlot.tck,domainID,D12
YELL_012.tickPlot.tck,YELL_012.tickPlot.tck,siteID,YELL
YELL_012.tickPlot.tck,YELL_012.tickPlot.tck,plotID,YELL_012
YELL_012.tickPlot.tck,YELL_012.tickPlot.tck,plotType,distributed
YELL_012.tickPlot.tck,YELL_012.tickPlot.tck,nlcdClass,evergreenForest
YELL_001.tickPlot.tck,YELL_001.tickPlot.tck,domainID,D12
YELL_001.tickPlot.tck,YELL_001.tickPlot.tck,siteID,YELL
YELL_001.tickPlot.tck,YELL_001.tickPlot.tck,plotID,YELL_001
YELL_001.tickPlot.tck,YELL_001.tickPlot.tck,plotType,distributed
YELL_001.tickPlot.tck,YELL_001.tickPlot.tck,nlcdClass,shrubScrub
YELL_002.tickPlot.tck,YELL_002.tickPlot.tck,domainID,D12
YELL_002.tickPlot.tck,YELL_002.tickPlot.tck,siteID,YELL
YELL_002.tickPlot.tck,YELL_002.tickPlot.tck,plotID,YELL_002
YELL_002.tickPlot.tck,YELL_002.tickPlot.tck,plotType,distributed
YELL_002.tickPlot.tck,YELL_002.tickPlot.tck,nlcdClass,shrubScrub
MOAB_003.tickPlot.tck,MOAB_003.tickPlot.tck,domainID,D13
MOAB_003.tickPlot.tck,MOAB_003.tickPlot.tck,siteID,MOAB
MOAB_003.tickPlot.tck,MOAB_003.tickPlot.tck,plotID,MOAB_003
MOAB_003.tickPlot.tck,MOAB_003.tickPlot.tck,plotType,distributed
MOAB_003.tickPlot.tck,MOAB_003.tickPlot.tck,nlcdClass,evergreenForest
MOAB_004.tickPlot.tck,MOAB_004.tickPlot.tck,domainID,D13
MOAB_004.tickPlot.tck,MOAB_004.tickPlot.tck,siteID,MOAB
MOAB_004.tickPlot.tck,MOAB_004.tickPlot.tck,plotID,MOAB_004
MOAB_004.tickPlot.tck,MOAB_004.tickPlot.tck,plotType,distributed
MOAB_004.tickPlot.tck,MOAB_004.tickPlot.tck,nlcdClass,shrubScrub
MOAB_006.tickPlot.tck,MOAB_006.tickPlot.tck,domainID,D13
MOAB_006.tickPlot.tck,MOAB_006.tickPlot.tck,siteID,MOAB
MOAB_006.tickPlot.tck,MOAB_006.tickPlot.tck,plotID,MOAB_006
MOAB_006.tickPlot.tck,MOAB_006.tickPlot.tck,plotType,distributed
MOAB_006.tickPlot.tck,MOAB_006.tickPlot.tck,nlcdClass,shrubScrub
MOAB_001.tickPlot.tck,MOAB_001.tickPlot.tck,domainID,D13
MOAB_001.tickPlot.tck,MOAB_001.tickPlot.tck,siteID,MOAB
MOAB_001.tickPlot.tck,MOAB_001.tickPlot.tck,plotID,MOAB_001
MOAB_001.tickPlot.tck,MOAB_001.tickPlot.tck,plotType,distributed
MOAB_001.tickPlot.tck,MOAB_001.tickPlot.tck,nlcdClass,shrubScrub
MOAB_005.tickPlot.tck,MOAB_005.tickPlot.tck,domainID,D13
MOAB_005.tickPlot.tck,MOAB_005.tickPlot.tck,siteID,MOAB
MOAB_005.tickPlot.tck,MOAB_005.tickPlot.tck,plotID,MOAB_005
MOAB_005.tickPlot.tck,MOAB_005.tickPlot.tck,plotType,distributed
MOAB_005.tickPlot.tck,MOAB_005.tickPlot.tck,nlcdClass,shrubScrub
MOAB_002.tickPlot.tck,MOAB_002.tickPlot.tck,domainID,D13
MOAB_002.tickPlot.tck,MOAB_002.tickPlot.tck,siteID,MOAB
MOAB_002.tickPlot.tck,MOAB_002.tickPlot.tck,plotID,MOAB_002
MOAB_002.tickPlot.tck,MOAB_002.tickPlot.tck,plotType,distributed
MOAB_002.tickPlot.tck,MOAB_002.tickPlot.tck,nlcdClass,shrubScrub
NIWO_021.tickPlot.tck,NIWO_021.tickPlot.tck,domainID,D13
NIWO_021.tickPlot.tck,NIWO_021.tickPlot.tck,siteID,NIWO
NIWO_021.tickPlot.tck,NIWO_021.tickPlot.tck,plotID,NIWO_021
NIWO_021.tickPlot.tck,NIWO_021.tickPlot.tck,plotType,distributed
NIWO_021.tickPlot.tck,NIWO_021.tickPlot.tck,nlcdClass,evergreenForest
NIWO_011.tickPlot.tck,NIWO_011.tickPlot.tck,domainID,D13
NIWO_011.tickPlot.tck,NIWO_011.tickPlot.tck,siteID,NIWO
NIWO_011.tickPlot.tck,NIWO_011.tickPlot.tck,plotID,NIWO_011
NIWO_011.tickPlot.tck,NIWO_011.tickPlot.tck,plotType,distributed
NIWO_011.tickPlot.tck,NIWO_011.tickPlot.tck,nlcdClass,evergreenForest
NIWO_017.tickPlot.tck,NIWO_017.tickPlot.tck,domainID,D13
NIWO_017.tickPlot.tck,NIWO_017.tickPlot.tck,siteID,NIWO
NIWO_017.tickPlot.tck,NIWO_017.tickPlot.tck,plotID,NIWO_017
NIWO_017.tickPlot.tck,NIWO_017.tickPlot.tck,plotType,distributed
NIWO_017.tickPlot.tck,NIWO_017.tickPlot.tck,nlcdClass,evergreenForest
NIWO_003.tickPlot.tck,NIWO_003.tickPlot.tck,domainID,D13
NIWO_003.tickPlot.tck,NIWO_003.tickPlot.tck,siteID,NIWO
NIWO_003.tickPlot.tck,NIWO_003.tickPlot.tck,plotID,NIWO_003
NIWO_003.tickPlot.tck,NIWO_003.tickPlot.tck,plotType,distributed
NIWO_003.tickPlot.tck,NIWO_003.tickPlot.tck,nlcdClass,grasslandHerbaceous
NIWO_006.tickPlot.tck,NIWO_006.tickPlot.tck,domainID,D13
NIWO_006.tickPlot.tck,NIWO_006.tickPlot.tck,siteID,NIWO
NIWO_006.tickPlot.tck,NIWO_006.tickPlot.tck,plotID,NIWO_006
NIWO_006.tickPlot.tck,NIWO_006.tickPlot.tck,plotType,distributed
NIWO_006.tickPlot.tck,NIWO_006.tickPlot.tck,nlcdClass,grasslandHerbaceous
NIWO_005.tickPlot.tck,NIWO_005.tickPlot.tck,domainID,D13
NIWO_005.tickPlot.tck,NIWO_005.tickPlot.tck,siteID,NIWO
NIWO_005.tickPlot.tck,NIWO_005.tickPlot.tck,plotID,NIWO_005
NIWO_005.tickPlot.tck,NIWO_005.tickPlot.tck,plotType,distributed
NIWO_005.tickPlot.tck,NIWO_005.tickPlot.tck,nlcdClass,evergreenForest
JORN_004.tickPlot.tck,JORN_004.tickPlot.tck,domainID,D14
JORN_004.tickPlot.tck,JORN_004.tickPlot.tck,siteID,JORN
JORN_004.tickPlot.tck,JORN_004.tickPlot.tck,plotID,JORN_004
JORN_004.tickPlot.tck,JORN_004.tickPlot.tck,plotType,distributed
JORN_004.tickPlot.tck,JORN_004.tickPlot.tck,nlcdClass,shrubScrub
JORN_002.tickPlot.tck,JORN_002.tickPlot.tck,domainID,D14
JORN_002.tickPlot.tck,JORN_002.tickPlot.tck,siteID,JORN
JORN_002.tickPlot.tck,JORN_002.tickPlot.tck,plotID,JORN_002
JORN_002.tickPlot.tck,JORN_002.tickPlot.tck,plotType,distributed
JORN_002.tickPlot.tck,JORN_002.tickPlot.tck,nlcdClass,shrubScrub
JORN_006.tickPlot.tck,JORN_006.tickPlot.tck,domainID,D14
JORN_006.tickPlot.tck,JORN_006.tickPlot.tck,siteID,JORN
JORN_006.tickPlot.tck,JORN_006.tickPlot.tck,plotID,JORN_006
JORN_006.tickPlot.tck,JORN_006.tickPlot.tck,plotType,distributed
JORN_006.tickPlot.tck,JORN_006.tickPlot.tck,nlcdClass,shrubScrub
JORN_003.tickPlot.tck,JORN_003.tickPlot.tck,domainID,D14
JORN_003.tickPlot.tck,JORN_003.tickPlot.tck,siteID,JORN
JORN_003.tickPlot.tck,JORN_003.tickPlot.tck,plotID,JORN_003
JORN_003.tickPlot.tck,JORN_003.tickPlot.tck,plotType,distributed
JORN_003.tickPlot.tck,JORN_003.tickPlot.tck,nlcdClass,shrubScrub
JORN_001.tickPlot.tck,JORN_001.tickPlot.tck,domainID,D14
JORN_001.tickPlot.tck,JORN_001.tickPlot.tck,siteID,JORN
JORN_001.tickPlot.tck,JORN_001.tickPlot.tck,plotID,JORN_001
JORN_001.tickPlot.tck,JORN_001.tickPlot.tck,plotType,distributed
JORN_001.tickPlot.tck,JORN_001.tickPlot.tck,nlcdClass,shrubScrub
JORN_005.tickPlot.tck,JORN_005.tickPlot.tck,domainID,D14
JORN_005.tickPlot.tck,JORN_005.tickPlot.tck,siteID,JORN
JORN_005.tickPlot.tck,JORN_005.tickPlot.tck,plotID,JORN_005
JORN_005.tickPlot.tck,JORN_005.tickPlot.tck,plotType,distributed
JORN_005.tickPlot.tck,JORN_005.tickPlot.tck,nlcdClass,shrubScrub
SRER_003.tickPlot.tck,SRER_003.tickPlot.tck,domainID,D14
SRER_003.tickPlot.tck,SRER_003.tickPlot.tck,siteID,SRER
SRER_003.tickPlot.tck,SRER_003.tickPlot.tck,plotID,SRER_003
SRER_003.tickPlot.tck,SRER_003.tickPlot.tck,plotType,distributed
SRER_003.tickPlot.tck,SRER_003.tickPlot.tck,nlcdClass,shrubScrub
SRER_006.tickPlot.tck,SRER_006.tickPlot.tck,domainID,D14
SRER_006.tickPlot.tck,SRER_006.tickPlot.tck,siteID,SRER
SRER_006.tickPlot.tck,SRER_006.tickPlot.tck,plotID,SRER_006
SRER_006.tickPlot.tck,SRER_006.tickPlot.tck,plotType,distributed
SRER_006.tickPlot.tck,SRER_006.tickPlot.tck,nlcdClass,shrubScrub
SRER_008.tickPlot.tck,SRER_008.tickPlot.tck,domainID,D14
SRER_008.tickPlot.tck,SRER_008.tickPlot.tck,siteID,SRER
SRER_008.tickPlot.tck,SRER_008.tickPlot.tck,plotID,SRER_008
SRER_008.tickPlot.tck,SRER_008.tickPlot.tck,plotType,distributed
SRER_008.tickPlot.tck,SRER_008.tickPlot.tck,nlcdClass,shrubScrub
SRER_004.tickPlot.tck,SRER_004.tickPlot.tck,domainID,D14
SRER_004.tickPlot.tck,SRER_004.tickPlot.tck,siteID,SRER
SRER_004.tickPlot.tck,SRER_004.tickPlot.tck,plotID,SRER_004
SRER_004.tickPlot.tck,SRER_004.tickPlot.tck,plotType,distributed
SRER_004.tickPlot.tck,SRER_004.tickPlot.tck,nlcdClass,shrubScrub
SRER_002.tickPlot.tck,SRER_002.tickPlot.tck,domainID,D14
SRER_002.tickPlot.tck,SRER_002.tickPlot.tck,siteID,SRER
SRER_002.tickPlot.tck,SRER_002.tickPlot.tck,plotID,SRER_002
SRER_002.tickPlot.tck,SRER_002.tickPlot.tck,plotType,distributed
SRER_002.tickPlot.tck,SRER_002.tickPlot.tck,nlcdClass,shrubScrub
SRER_007.tickPlot.tck,SRER_007.tickPlot.tck,domainID,D14
SRER_007.tickPlot.tck,SRER_007.tickPlot.tck,siteID,SRER
SRER_007.tickPlot.tck,SRER_007.tickPlot.tck,plotID,SRER_007
SRER_007.tickPlot.tck,SRER_007.tickPlot.tck,plotType,distributed
SRER_007.tickPlot.tck,SRER_007.tickPlot.tck,nlcdClass,shrubScrub
ONAQ_004.tickPlot.tck,ONAQ_004.tickPlot.tck,domainID,D15
ONAQ_004.tickPlot.tck,ONAQ_004.tickPlot.tck,siteID,ONAQ
ONAQ_004.tickPlot.tck,ONAQ_004.tickPlot.tck,plotID,ONAQ_004
ONAQ_004.tickPlot.tck,ONAQ_004.tickPlot.tck,plotType,distributed
ONAQ_004.tickPlot.tck,ONAQ_004.tickPlot.tck,nlcdClass,shrubScrub
ONAQ_008.tickPlot.tck,ONAQ_008.tickPlot.tck,domainID,D15
ONAQ_008.tickPlot.tck,ONAQ_008.tickPlot.tck,siteID,ONAQ
ONAQ_008.tickPlot.tck,ONAQ_008.tickPlot.tck,plotID,ONAQ_008
ONAQ_008.tickPlot.tck,ONAQ_008.tickPlot.tck,plotType,distributed
ONAQ_008.tickPlot.tck,ONAQ_008.tickPlot.tck,nlcdClass,evergreenForest
ONAQ_003.tickPlot.tck,ONAQ_003.tickPlot.tck,domainID,D15
ONAQ_003.tickPlot.tck,ONAQ_003.tickPlot.tck,siteID,ONAQ
ONAQ_003.tickPlot.tck,ONAQ_003.tickPlot.tck,plotID,ONAQ_003
ONAQ_003.tickPlot.tck,ONAQ_003.tickPlot.tck,plotType,distributed
ONAQ_003.tickPlot.tck,ONAQ_003.tickPlot.tck,nlcdClass,shrubScrub
ONAQ_005.tickPlot.tck,ONAQ_005.tickPlot.tck,domainID,D15
ONAQ_005.tickPlot.tck,ONAQ_005.tickPlot.tck,siteID,ONAQ
ONAQ_005.tickPlot.tck,ONAQ_005.tickPlot.tck,plotID,ONAQ_005
ONAQ_005.tickPlot.tck,ONAQ_005.tickPlot.tck,plotType,distributed
ONAQ_005.tickPlot.tck,ONAQ_005.tickPlot.tck,nlcdClass,shrubScrub
ONAQ_010.tickPlot.tck,ONAQ_010.tickPlot.tck,domainID,D15
ONAQ_010.tickPlot.tck,ONAQ_010.tickPlot.tck,siteID,ONAQ
ONAQ_010.tickPlot.tck,ONAQ_010.tickPlot.tck,plotID,ONAQ_010
ONAQ_010.tickPlot.tck,ONAQ_010.tickPlot.tck,plotType,distributed
ONAQ_010.tickPlot.tck,ONAQ_010.tickPlot.tck,nlcdClass,evergreenForest
ONAQ_009.tickPlot.tck,ONAQ_009.tickPlot.tck,domainID,D15
ONAQ_009.tickPlot.tck,ONAQ_009.tickPlot.tck,siteID,ONAQ
ONAQ_009.tickPlot.tck,ONAQ_009.tickPlot.tck,plotID,ONAQ_009
ONAQ_009.tickPlot.tck,ONAQ_009.tickPlot.tck,plotType,distributed
ONAQ_009.tickPlot.tck,ONAQ_009.tickPlot.tck,nlcdClass,shrubScrub
ONAQ_011.tickPlot.tck,ONAQ_011.tickPlot.tck,domainID,D15
ONAQ_011.tickPlot.tck,ONAQ_011.tickPlot.tck,siteID,ONAQ
ONAQ_011.tickPlot.tck,ONAQ_011.tickPlot.tck,plotID,ONAQ_011
ONAQ_011.tickPlot.tck,ONAQ_011.tickPlot.tck,plotType,distributed
ONAQ_011.tickPlot.tck,ONAQ_011.tickPlot.tck,nlcdClass,shrubScrub
ONAQ_023.tickPlot.tck,ONAQ_023.tickPlot.tck,domainID,D15
ONAQ_023.tickPlot.tck,ONAQ_023.tickPlot.tck,siteID,ONAQ
ONAQ_023.tickPlot.tck,ONAQ_023.tickPlot.tck,plotID,ONAQ_023
ONAQ_023.tickPlot.tck,ONAQ_023.tickPlot.tck,plotType,distributed
ONAQ_023.tickPlot.tck,ONAQ_023.tickPlot.tck,nlcdClass,evergreenForest
ONAQ_016.tickPlot.tck,ONAQ_016.tickPlot.tck,domainID,D15
ONAQ_016.tickPlot.tck,ONAQ_016.tickPlot.tck,siteID,ONAQ
ONAQ_016.tickPlot.tck,ONAQ_016.tickPlot.tck,plotID,ONAQ_016
ONAQ_016.tickPlot.tck,ONAQ_016.tickPlot.tck,plotType,distributed
ONAQ_016.tickPlot.tck,ONAQ_016.tickPlot.tck,nlcdClass,shrubScrub
ABBY_005.tickPlot.tck,ABBY_005.tickPlot.tck,domainID,D16
ABBY_005.tickPlot.tck,ABBY_005.tickPlot.tck,siteID,ABBY
ABBY_005.tickPlot.tck,ABBY_005.tickPlot.tck,plotID,ABBY_005
ABBY_005.tickPlot.tck,ABBY_005.tickPlot.tck,plotType,distributed
ABBY_005.tickPlot.tck,ABBY_005.tickPlot.tck,nlcdClass,shrubScrub
ABBY_003.tickPlot.tck,ABBY_003.tickPlot.tck,domainID,D16
ABBY_003.tickPlot.tck,ABBY_003.tickPlot.tck,siteID,ABBY
ABBY_003.tickPlot.tck,ABBY_003.tickPlot.tck,plotID,ABBY_003
ABBY_003.tickPlot.tck,ABBY_003.tickPlot.tck,plotType,distributed
ABBY_003.tickPlot.tck,ABBY_003.tickPlot.tck,nlcdClass,evergreenForest
ABBY_023.tickPlot.tck,ABBY_023.tickPlot.tck,domainID,D16
ABBY_023.tickPlot.tck,ABBY_023.tickPlot.tck,siteID,ABBY
ABBY_023.tickPlot.tck,ABBY_023.tickPlot.tck,plotID,ABBY_023
ABBY_023.tickPlot.tck,ABBY_023.tickPlot.tck,plotType,distributed
ABBY_023.tickPlot.tck,ABBY_023.tickPlot.tck,nlcdClass,mixedForest
ABBY_001.tickPlot.tck,ABBY_001.tickPlot.tck,domainID,D16
ABBY_001.tickPlot.tck,ABBY_001.tickPlot.tck,siteID,ABBY
ABBY_001.tickPlot.tck,ABBY_001.tickPlot.tck,plotID,ABBY_001
ABBY_001.tickPlot.tck,ABBY_001.tickPlot.tck,plotType,distributed
ABBY_001.tickPlot.tck,ABBY_001.tickPlot.tck,nlcdClass,evergreenForest
ABBY_002.tickPlot.tck,ABBY_002.tickPlot.tck,domainID,D16
ABBY_002.tickPlot.tck,ABBY_002.tickPlot.tck,siteID,ABBY
ABBY_002.tickPlot.tck,ABBY_002.tickPlot.tck,plotID,ABBY_002
ABBY_002.tickPlot.tck,ABBY_002.tickPlot.tck,plotType,distributed
ABBY_002.tickPlot.tck,ABBY_002.tickPlot.tck,nlcdClass,grasslandHerbaceous
ABBY_006.tickPlot.tck,ABBY_006.tickPlot.tck,domainID,D16
ABBY_006.tickPlot.tck,ABBY_006.tickPlot.tck,siteID,ABBY
ABBY_006.tickPlot.tck,ABBY_006.tickPlot.tck,plotID,ABBY_006
ABBY_006.tickPlot.tck,ABBY_006.tickPlot.tck,plotType,distributed
ABBY_006.tickPlot.tck,ABBY_006.tickPlot.tck,nlcdClass,evergreenForest
WREF_008.tickPlot.tck,WREF_008.tickPlot.tck,domainID,D16
WREF_008.tickPlot.tck,WREF_008.tickPlot.tck,siteID,WREF
WREF_008.tickPlot.tck,WREF_008.tickPlot.tck,plotID,WREF_008
WREF_008.tickPlot.tck,WREF_008.tickPlot.tck,plotType,distributed
WREF_008.tickPlot.tck,WREF_008.tickPlot.tck,nlcdClass,evergreenForest
WREF_004.tickPlot.tck,WREF_004.tickPlot.tck,domainID,D16
WREF_004.tickPlot.tck,WREF_004.tickPlot.tck,siteID,WREF
WREF_004.tickPlot.tck,WREF_004.tickPlot.tck,plotID,WREF_004
WREF_004.tickPlot.tck,WREF_004.tickPlot.tck,plotType,distributed
WREF_004.tickPlot.tck,WREF_004.tickPlot.tck,nlcdClass,evergreenForest
WREF_013.tickPlot.tck,WREF_013.tickPlot.tck,domainID,D16
WREF_013.tickPlot.tck,WREF_013.tickPlot.tck,siteID,WREF
WREF_013.tickPlot.tck,WREF_013.tickPlot.tck,plotID,WREF_013
WREF_013.tickPlot.tck,WREF_013.tickPlot.tck,plotType,distributed
WREF_013.tickPlot.tck,WREF_013.tickPlot.tck,nlcdClass,evergreenForest
WREF_001.tickPlot.tck,WREF_001.tickPlot.tck,domainID,D16
WREF_001.tickPlot.tck,WREF_001.tickPlot.tck,siteID,WREF
WREF_001.tickPlot.tck,WREF_001.tickPlot.tck,plotID,WREF_001
WREF_001.tickPlot.tck,WREF_001.tickPlot.tck,plotType,distributed
WREF_001.tickPlot.tck,WREF_001.tickPlot.tck,nlcdClass,evergreenForest
WREF_009.tickPlot.tck,WREF_009.tickPlot.tck,domainID,D16
WREF_009.tickPlot.tck,WREF_009.tickPlot.tck,siteID,WREF
WREF_009.tickPlot.tck,WREF_009.tickPlot.tck,plotID,WREF_009
WREF_009.tickPlot.tck,WREF_009.tickPlot.tck,plotType,distributed
WREF_009.tickPlot.tck,WREF_009.tickPlot.tck,nlcdClass,evergreenForest
WREF_007.tickPlot.tck,WREF_007.tickPlot.tck,domainID,D16
WREF_007.tickPlot.tck,WREF_007.tickPlot.tck,siteID,WREF
WREF_007.tickPlot.tck,WREF_007.tickPlot.tck,plotID,WREF_007
WREF_007.tickPlot.tck,WREF_007.tickPlot.tck,plotType,distributed
WREF_007.tickPlot.tck,WREF_007.tickPlot.tck,nlcdClass,evergreenForest
SJER_025.tickPlot.tck,SJER_025.tickPlot.tck,domainID,D17
SJER_025.tickPlot.tck,SJER_025.tickPlot.tck,siteID,SJER
SJER_025.tickPlot.tck,SJER_025.tickPlot.tck,plotID,SJER_025
SJER_025.tickPlot.tck,SJER_025.tickPlot.tck,plotType,distributed
SJER_025.tickPlot.tck,SJER_025.tickPlot.tck,nlcdClass,shrubScrub
SJER_002.tickPlot.tck,SJER_002.tickPlot.tck,domainID,D17
SJER_002.tickPlot.tck,SJER_002.tickPlot.tck,siteID,SJER
SJER_002.tickPlot.tck,SJER_002.tickPlot.tck,plotID,SJER_002
SJER_002.tickPlot.tck,SJER_002.tickPlot.tck,plotType,distributed
SJER_002.tickPlot.tck,SJER_002.tickPlot.tck,nlcdClass,grasslandHerbaceous
SJER_007.tickPlot.tck,SJER_007.tickPlot.tck,domainID,D17
SJER_007.tickPlot.tck,SJER_007.tickPlot.tck,siteID,SJER
SJER_007.tickPlot.tck,SJER_007.tickPlot.tck,plotID,SJER_007
SJER_007.tickPlot.tck,SJER_007.tickPlot.tck,plotType,distributed
SJER_007.tickPlot.tck,SJER_007.tickPlot.tck,nlcdClass,grasslandHerbaceous
SJER_009.tickPlot.tck,SJER_009.tickPlot.tck,domainID,D17
SJER_009.tickPlot.tck,SJER_009.tickPlot.tck,siteID,SJER
SJER_009.tickPlot.tck,SJER_009.tickPlot.tck,plotID,SJER_009
SJER_009.tickPlot.tck,SJER_009.tickPlot.tck,plotType,distributed
SJER_009.tickPlot.tck,SJER_009.tickPlot.tck,nlcdClass,grasslandHerbaceous
SJER_001.tickPlot.tck,SJER_001.tickPlot.tck,domainID,D17
SJER_001.tickPlot.tck,SJER_001.tickPlot.tck,siteID,SJER
SJER_001.tickPlot.tck,SJER_001.tickPlot.tck,plotID,SJER_001
SJER_001.tickPlot.tck,SJER_001.tickPlot.tck,plotType,distributed
SJER_001.tickPlot.tck,SJER_001.tickPlot.tck,nlcdClass,grasslandHerbaceous
SJER_008.tickPlot.tck,SJER_008.tickPlot.tck,domainID,D17
SJER_008.tickPlot.tck,SJER_008.tickPlot.tck,siteID,SJER
SJER_008.tickPlot.tck,SJER_008.tickPlot.tck,plotID,SJER_008
SJER_008.tickPlot.tck,SJER_008.tickPlot.tck,plotType,distributed
SJER_008.tickPlot.tck,SJER_008.tickPlot.tck,nlcdClass,evergreenForest
SOAP_006.tickPlot.tck,SOAP_006.tickPlot.tck,domainID,D17
SOAP_006.tickPlot.tck,SOAP_006.tickPlot.tck,siteID,SOAP
SOAP_006.tickPlot.tck,SOAP_006.tickPlot.tck,plotID,SOAP_006
SOAP_006.tickPlot.tck,SOAP_006.tickPlot.tck,plotType,distributed
SOAP_006.tickPlot.tck,SOAP_006.tickPlot.tck,nlcdClass,evergreenForest
SOAP_026.tickPlot.tck,SOAP_026.tickPlot.tck,domainID,D17
SOAP_026.tickPlot.tck,SOAP_026.tickPlot.tck,siteID,SOAP
SOAP_026.tickPlot.tck,SOAP_026.tickPlot.tck,plotID,SOAP_026
SOAP_026.tickPlot.tck,SOAP_026.tickPlot.tck,plotType,distributed
SOAP_026.tickPlot.tck,SOAP_026.tickPlot.tck,nlcdClass,shrubScrub
SOAP_005.tickPlot.tck,SOAP_005.tickPlot.tck,domainID,D17
SOAP_005.tickPlot.tck,SOAP_005.tickPlot.tck,siteID,SOAP
SOAP_005.tickPlot.tck,SOAP_005.tickPlot.tck,plotID,SOAP_005
SOAP_005.tickPlot.tck,SOAP_005.tickPlot.tck,plotType,distributed
SOAP_005.tickPlot.tck,SOAP_005.tickPlot.tck,nlcdClass,evergreenForest
SOAP_004.tickPlot.tck,SOAP_004.tickPlot.tck,domainID,D17
SOAP_004.tickPlot.tck,SOAP_004.tickPlot.tck,siteID,SOAP
SOAP_004.tickPlot.tck,SOAP_004.tickPlot.tck,plotID,SOAP_004
SOAP_004.tickPlot.tck,SOAP_004.tickPlot.tck,plotType,distributed
SOAP_004.tickPlot.tck,SOAP_004.tickPlot.tck,nlcdClass,evergreenForest
SOAP_009.tickPlot.tck,SOAP_009.tickPlot.tck,domainID,D17
SOAP_009.tickPlot.tck,SOAP_009.tickPlot.tck,siteID,SOAP
SOAP_009.tickPlot.tck,SOAP_009.tickPlot.tck,plotID,SOAP_009
SOAP_009.tickPlot.tck,SOAP_009.tickPlot.tck,plotType,distributed
SOAP_009.tickPlot.tck,SOAP_009.tickPlot.tck,nlcdClass,shrubScrub
SOAP_003.tickPlot.tck,SOAP_003.tickPlot.tck,domainID,D17
SOAP_003.tickPlot.tck,SOAP_003.tickPlot.tck,siteID,SOAP
SOAP_003.tickPlot.tck,SOAP_003.tickPlot.tck,plotID,SOAP_003
SOAP_003.tickPlot.tck,SOAP_003.tickPlot.tck,plotType,distributed
SOAP_003.tickPlot.tck,SOAP_003.tickPlot.tck,nlcdClass,evergreenForest
BARR_030.tickPlot.tck,BARR_030.tickPlot.tck,domainID,D18
BARR_030.tickPlot.tck,BARR_030.tickPlot.tck,siteID,BARR
BARR_030.tickPlot.tck,BARR_030.tickPlot.tck,plotID,BARR_030
BARR_030.tickPlot.tck,BARR_030.tickPlot.tck,plotType,distributed
BARR_030.tickPlot.tck,BARR_030.tickPlot.tck,nlcdClass,sedgeHerbaceous
BARR_084.tickPlot.tck,BARR_084.tickPlot.tck,domainID,D18
BARR_084.tickPlot.tck,BARR_084.tickPlot.tck,siteID,BARR
BARR_084.tickPlot.tck,BARR_084.tickPlot.tck,plotID,BARR_084
BARR_084.tickPlot.tck,BARR_084.tickPlot.tck,plotType,distributed
BARR_084.tickPlot.tck,BARR_084.tickPlot.tck,nlcdClass,sedgeHerbaceous
BARR_037.tickPlot.tck,BARR_037.tickPlot.tck,domainID,D18
BARR_037.tickPlot.tck,BARR_037.tickPlot.tck,siteID,BARR
BARR_037.tickPlot.tck,BARR_037.tickPlot.tck,plotID,BARR_037
BARR_037.tickPlot.tck,BARR_037.tickPlot.tck,plotType,distributed
BARR_037.tickPlot.tck,BARR_037.tickPlot.tck,nlcdClass,sedgeHerbaceous
BARR_031.tickPlot.tck,BARR_031.tickPlot.tck,domainID,D18
BARR_031.tickPlot.tck,BARR_031.tickPlot.tck,siteID,BARR
BARR_031.tickPlot.tck,BARR_031.tickPlot.tck,plotID,BARR_031
BARR_031.tickPlot.tck,BARR_031.tickPlot.tck,plotType,distributed
BARR_031.tickPlot.tck,BARR_031.tickPlot.tck,nlcdClass,sedgeHerbaceous
BARR_034.tickPlot.tck,BARR_034.tickPlot.tck,domainID,D18
BARR_034.tickPlot.tck,BARR_034.tickPlot.tck,siteID,BARR
BARR_034.tickPlot.tck,BARR_034.tickPlot.tck,plotID,BARR_034
BARR_034.tickPlot.tck,BARR_034.tickPlot.tck,plotType,distributed
BARR_034.tickPlot.tck,BARR_034.tickPlot.tck,nlcdClass,sedgeHerbaceous
BARR_021.tickPlot.tck,BARR_021.tickPlot.tck,domainID,D18
BARR_021.tickPlot.tck,BARR_021.tickPlot.tck,siteID,BARR
BARR_021.tickPlot.tck,BARR_021.tickPlot.tck,plotID,BARR_021
BARR_021.tickPlot.tck,BARR_021.tickPlot.tck,plotType,distributed
BARR_021.tickPlot.tck,BARR_021.tickPlot.tck,nlcdClass,emergentHerbaceousWetlands
TOOL_028.tickPlot.tck,TOOL_028.tickPlot.tck,domainID,D18
TOOL_028.tickPlot.tck,TOOL_028.tickPlot.tck,siteID,TOOL
TOOL_028.tickPlot.tck,TOOL_028.tickPlot.tck,plotID,TOOL_028
TOOL_028.tickPlot.tck,TOOL_028.tickPlot.tck,plotType,distributed
TOOL_028.tickPlot.tck,TOOL_028.tickPlot.tck,nlcdClass,shrubScrub
TOOL_032.tickPlot.tck,TOOL_032.tickPlot.tck,domainID,D18
TOOL_032.tickPlot.tck,TOOL_032.tickPlot.tck,siteID,TOOL
TOOL_032.tickPlot.tck,TOOL_032.tickPlot.tck,plotID,TOOL_032
TOOL_032.tickPlot.tck,TOOL_032.tickPlot.tck,plotType,distributed
TOOL_032.tickPlot.tck,TOOL_032.tickPlot.tck,nlcdClass,sedgeHerbaceous
TOOL_009.tickPlot.tck,TOOL_009.tickPlot.tck,domainID,D18
TOOL_009.tickPlot.tck,TOOL_009.tickPlot.tck,siteID,TOOL
TOOL_009.tickPlot.tck,TOOL_009.tickPlot.tck,plotID,TOOL_009
TOOL_009.tickPlot.tck,TOOL_009.tickPlot.tck,plotType,distributed
TOOL_009.tickPlot.tck,TOOL_009.tickPlot.tck,nlcdClass,dwarfScrub
TOOL_035.tickPlot.tck,TOOL_035.tickPlot.tck,domainID,D18
TOOL_035.tickPlot.tck,TOOL_035.tickPlot.tck,siteID,TOOL
TOOL_035.tickPlot.tck,TOOL_035.tickPlot.tck,plotID,TOOL_035
TOOL_035.tickPlot.tck,TOOL_035.tickPlot.tck,plotType,distributed
TOOL_035.tickPlot.tck,TOOL_035.tickPlot.tck,nlcdClass,dwarfScrub
TOOL_071.tickPlot.tck,TOOL_071.tickPlot.tck,domainID,D18
TOOL_071.tickPlot.tck,TOOL_071.tickPlot.tck,siteID,TOOL
TOOL_071.tickPlot.tck,TOOL_071.tickPlot.tck,plotID,TOOL_071
TOOL_071.tickPlot.tck,TOOL_071.tickPlot.tck,plotType,distributed
TOOL_071.tickPlot.tck,TOOL_071.tickPlot.tck,nlcdClass,dwarfScrub
TOOL_031.tickPlot.tck,TOOL_031.tickPlot.tck,domainID,D18
TOOL_031.tickPlot.tck,TOOL_031.tickPlot.tck,siteID,TOOL
TOOL_031.tickPlot.tck,TOOL_031.tickPlot.tck,plotID,TOOL_031
TOOL_031.tickPlot.tck,TOOL_031.tickPlot.tck,plotType,distributed
TOOL_031.tickPlot.tck,TOOL_031.tickPlot.tck,nlcdClass,dwarfScrub
BONA_013.tickPlot.tck,BONA_013.tickPlot.tck,domainID,D19
BONA_013.tickPlot.tck,BONA_013.tickPlot.tck,siteID,BONA
BONA_013.tickPlot.tck,BONA_013.tickPlot.tck,plotID,BONA_013
BONA_013.tickPlot.tck,BONA_013.tickPlot.tck,plotType,distributed
BONA_013.tickPlot.tck,BONA_013.tickPlot.tck,nlcdClass,mixedForest
BONA_020.tickPlot.tck,BONA_020.tickPlot.tck,domainID,D19
BONA_020.tickPlot.tck,BONA_020.tickPlot.tck,siteID,BONA
BONA_020.tickPlot.tck,BONA_020.tickPlot.tck,plotID,BONA_020
BONA_020.tickPlot.tck,BONA_020.tickPlot.tck,plotType,distributed
BONA_020.tickPlot.tck,BONA_020.tickPlot.tck,nlcdClass,evergreenForest
BONA_004.tickPlot.tck,BONA_004.tickPlot.tck,domainID,D19
BONA_004.tickPlot.tck,BONA_004.tickPlot.tck,siteID,BONA
BONA_004.tickPlot.tck,BONA_004.tickPlot.tck,plotID,BONA_004
BONA_004.tickPlot.tck,BONA_004.tickPlot.tck,plotType,distributed
BONA_004.tickPlot.tck,BONA_004.tickPlot.tck,nlcdClass,evergreenForest
BONA_044.tickPlot.tck,BONA_044.tickPlot.tck,domainID,D19
BONA_044.tickPlot.tck,BONA_044.tickPlot.tck,siteID,BONA
BONA_044.tickPlot.tck,BONA_044.tickPlot.tck,plotID,BONA_044
BONA_044.tickPlot.tck,BONA_044.tickPlot.tck,plotType,distributed
BONA_044.tickPlot.tck,BONA_044.tickPlot.tck,nlcdClass,shrubScrub
BONA_002.tickPlot.tck,BONA_002.tickPlot.tck,domainID,D19
BONA_002.tickPlot.tck,BONA_002.tickPlot.tck,siteID,BONA
BONA_002.tickPlot.tck,BONA_002.tickPlot.tck,plotID,BONA_002
BONA_002.tickPlot.tck,BONA_002.tickPlot.tck,plotType,distributed
BONA_002.tickPlot.tck,BONA_002.tickPlot.tck,nlcdClass,deciduousForest
BONA_012.tickPlot.tck,BONA_012.tickPlot.tck,domainID,D19
BONA_012.tickPlot.tck,BONA_012.tickPlot.tck,siteID,BONA
BONA_012.tickPlot.tck,BONA_012.tickPlot.tck,plotID,BONA_012
BONA_012.tickPlot.tck,BONA_012.tickPlot.tck,plotType,distributed
BONA_012.tickPlot.tck,BONA_012.tickPlot.tck,nlcdClass,deciduousForest
DEJU_001.tickPlot.tck,DEJU_001.tickPlot.tck,domainID,D19
DEJU_001.tickPlot.tck,DEJU_001.tickPlot.tck,siteID,DEJU
DEJU_001.tickPlot.tck,DEJU_001.tickPlot.tck,plotID,DEJU_001
DEJU_001.tickPlot.tck,DEJU_001.tickPlot.tck,plotType,distributed
DEJU_001.tickPlot.tck,DEJU_001.tickPlot.tck,nlcdClass,shrubScrub
DEJU_003.tickPlot.tck,DEJU_003.tickPlot.tck,domainID,D19
DEJU_003.tickPlot.tck,DEJU_003.tickPlot.tck,siteID,DEJU
DEJU_003.tickPlot.tck,DEJU_003.tickPlot.tck,plotID,DEJU_003
DEJU_003.tickPlot.tck,DEJU_003.tickPlot.tck,plotType,distributed
DEJU_003.tickPlot.tck,DEJU_003.tickPlot.tck,nlcdClass,shrubScrub
DEJU_009.tickPlot.tck,DEJU_009.tickPlot.tck,domainID,D19
DEJU_009.tickPlot.tck,DEJU_009.tickPlot.tck,siteID,DEJU
DEJU_009.tickPlot.tck,DEJU_009.tickPlot.tck,plotID,DEJU_009
DEJU_009.tickPlot.tck,DEJU_009.tickPlot.tck,plotType,distributed
DEJU_009.tickPlot.tck,DEJU_009.tickPlot.tck,nlcdClass,evergreenForest
DEJU_014.tickPlot.tck,DEJU_014.tickPlot.tck,domainID,D19
DEJU_014.tickPlot.tck,DEJU_014.tickPlot.tck,siteID,DEJU
DEJU_014.tickPlot.tck,DEJU_014.tickPlot.tck,plotID,DEJU_014
DEJU_014.tickPlot.tck,DEJU_014.tickPlot.tck,plotType,distributed
DEJU_014.tickPlot.tck,DEJU_014.tickPlot.tck,nlcdClass,evergreenForest
DEJU_044.tickPlot.tck,DEJU_044.tickPlot.tck,domainID,D19
DEJU_044.tickPlot.tck,DEJU_044.tickPlot.tck,siteID,DEJU
DEJU_044.tickPlot.tck,DEJU_044.tickPlot.tck,plotID,DEJU_044
DEJU_044.tickPlot.tck,DEJU_044.tickPlot.tck,plotType,distributed
DEJU_044.tickPlot.tck,DEJU_044.tickPlot.tck,nlcdClass,evergreenForest
DEJU_015.tickPlot.tck,DEJU_015.tickPlot.tck,domainID,D19
DEJU_015.tickPlot.tck,DEJU_015.tickPlot.tck,siteID,DEJU
DEJU_015.tickPlot.tck,DEJU_015.tickPlot.tck,plotID,DEJU_015
DEJU_015.tickPlot.tck,DEJU_015.tickPlot.tck,plotType,distributed
DEJU_015.tickPlot.tck,DEJU_015.tickPlot.tck,nlcdClass,woodyWetlands
HEAL_011.tickPlot.tck,HEAL_011.tickPlot.tck,domainID,D19
HEAL_011.tickPlot.tck,HEAL_011.tickPlot.tck,siteID,HEAL
HEAL_011.tickPlot.tck,HEAL_011.tickPlot.tck,plotID,HEAL_011
HEAL_011.tickPlot.tck,HEAL_011.tickPlot.tck,plotType,distributed
HEAL_011.tickPlot.tck,HEAL_011.tickPlot.tck,nlcdClass,shrubScrub
HEAL_014.tickPlot.tck,HEAL_014.tickPlot.tck,domainID,D19
HEAL_014.tickPlot.tck,HEAL_014.tickPlot.tck,siteID,HEAL
HEAL_014.tickPlot.tck,HEAL_014.tickPlot.tck,plotID,HEAL_014
HEAL_014.tickPlot.tck,HEAL_014.tickPlot.tck,plotType,distributed
HEAL_014.tickPlot.tck,HEAL_014.tickPlot.tck,nlcdClass,shrubScrub
HEAL_010.tickPlot.tck,HEAL_010.tickPlot.tck,domainID,D19
HEAL_010.tickPlot.tck,HEAL_010.tickPlot.tck,siteID,HEAL
HEAL_010.tickPlot.tck,HEAL_010.tickPlot.tck,plotID,HEAL_010
HEAL_010.tickPlot.tck,HEAL_010.tickPlot.tck,plotType,distributed
HEAL_010.tickPlot.tck,HEAL_010.tickPlot.tck,nlcdClass,shrubScrub
HEAL_026.tickPlot.tck,HEAL_026.tickPlot.tck,domainID,D19
HEAL_026.tickPlot.tck,HEAL_026.tickPlot.tck,siteID,HEAL
HEAL_026.tickPlot.tck,HEAL_026.tickPlot.tck,plotID,HEAL_026
HEAL_026.tickPlot.tck,HEAL_026.tickPlot.tck,plotType,distributed
HEAL_026.tickPlot.tck,HEAL_026.tickPlot.tck,nlcdClass,evergreenForest
HEAL_004.tickPlot.tck,HEAL_004.tickPlot.tck,domainID,D19
HEAL_004.tickPlot.tck,HEAL_004.tickPlot.tck,siteID,HEAL
HEAL_004.tickPlot.tck,HEAL_004.tickPlot.tck,plotID,HEAL_004
HEAL_004.tickPlot.tck,HEAL_004.tickPlot.tck,plotType,distributed
HEAL_004.tickPlot.tck,HEAL_004.tickPlot.tck,nlcdClass,shrubScrub
HEAL_001.tickPlot.tck,HEAL_001.tickPlot.tck,domainID,D19
HEAL_001.tickPlot.tck,HEAL_001.tickPlot.tck,siteID,HEAL
HEAL_001.tickPlot.tck,HEAL_001.tickPlot.tck,plotID,HEAL_001
HEAL_001.tickPlot.tck,HEAL_001.tickPlot.tck,plotType,distributed
HEAL_001.tickPlot.tck,HEAL_001.tickPlot.tck,nlcdClass,dwarfScrub
